Temperature/K,Pressure/kPa,Specific_density[Liquid]/kg/m3,cmp1ID,cmp1name,SMILES,Viscosity[Liquid]/Pa&#8226;s,Electrical_conductivity[Liquid]/S/m,IUPAC
333,101.325,1340.6,ABiCca,1-hexyl-3-methylimidazolium bis[(trifluoromethyl)sulfonyl]imide,[N-](S(=O)(=O)C(F)(F)F)S(=O)(=O)C(F)(F)F.C(CCCCC)N1C=[N+](C=C1)C,0.01888,0.73,bis(trifluoromethylsulfonyl)azanide;1-hexyl-3-methylimidazol-3-ium
318,101.325,1222.56,AAtWJq,1-ethyl-3-methylimidazolium ethyl sulfate,CCN1C=C[N+](=C1)C.CCOS(=O)(=O)[O-],0.04225,0.86,1-ethyl-3-methylimidazol-3-ium;ethylsulfate
313,101.325,1190.53,AArYmU,1-butyl-3-methylimidazolium tetrafluoroborate,[B-](F)(F)(F)F.CCCCN1C=C[N+](=C1)C,0.0535,0.619,1-butyl-3-methylimidazol-3-ium;tetrafluoroborate
298,101.325,1207.61,AAwHsX,1-butyl-3-methylimidazolium methyl sulfate,CCCCN1C=C[N+](=C1)C.COS(=O)(=O)[O-],0.2132,0.099,1-butyl-3-methylimidazol-3-ium;methylsulfate
298,101.325,1194.4,AAdDEf,diethanolammonium formate,OCC[NH2+]CCO.[O-]C=O,0.95,0.055,bis(2-hydroxyethyl)azanium;formate
313,101.325,1423.0,ABchlW,1-butyl-3-methylimidazolium bis(trifluoromethylsulfonyl)imide,CCCCN1C=C[N+](=C1)C.C(F)(F)(F)S(=O)(=O)[N-]S(=O)(=O)C(F)(F)F,0.0291,0.6839,bis(trifluoromethylsulfonyl)azanide;1-butyl-3-methylimidazol-3-ium
313,101.325,1070.6,AAmkhS,1-ethyl-3-methyl-1H-imidazolium tricyanomethanide,C(#N)[C-](C#N)C#N.C(C)N1C=[N+](C=C1)C,0.0098,1.25,"ethane-1,1,1-tricarbonitrile;1-ethyl-3-methylimidazol-3-ium"
333,101.325,1199.0,ACFchW,bis(1-butyl-3-methylimidazolium) tetrathiocyanatocobaltate,CCCCN1C=C[N+](=C1)C.CCCCN1C=C[N+](=C1)C.C(=[N-])=S.C(=[N-])=S.C(=[N-])=S.C(=[N-])=S.[Co+2],0.05162,0.755,1-butyl-3-methylimidazol-3-ium;cobalt(2+);tetraisothiocyanate
313,101.325,1352.0,ABChct,1-butyl-3-methylimidazolium hexafluorophosphate,CCCCN1C=C[N+](=C1)C.F[P-](F)(F)(F)(F)F,0.12,0.301,1-butyl-3-methylimidazol-3-ium;hexafluorophosphate
283,101.325,908.6,ACBneK,tetradecyl(trihexyl)phosphonium dicyanamide,[N-](C#N)C#N.C(CCCCCCCCCCCCC)[P+](CCCCCC)(CCCCCC)CCCCCC,1.1449,0.32,dicyanoazanide;trihexyl(tetradecyl)phosphanium
293,101.325,1105.9,AAiERH,1-ethyl-3-methylimidazolium dicyanamide,CCN1C=C[N+](=C1)C.C(=[N-])=NC#N,0.01682,2.532,cyanoiminomethylideneazanide;1-ethyl-3-methylimidazol-3-ium
303,101.325,1057.9,AAnYiw,1-butyl-3-methylimidazolium dicyanamide,CCCCN1C=C[N+](=C1)C.C(=[N-])=NC#N,0.0243,1.299,1-butyl-3-methylimidazol-3-ium;cyanoiminomethylideneazanide
278,101.325,1117.16,ABCNEm,1-methyl-3-octylimidazolium tetrafluoroborate,[B-](F)(F)(F)F.CCCCCCCCN1C=C[N+](=C1)C,1.478,0.01484,1-methyl-3-octylimidazol-1-ium;tetrafluoroborate
293,101.325,1055.7,AAmGMR,1-butyl-3-methylimidazolium acetate,CCCCN1C=C[N+](=C1)C.CC(=O)[O-],0.562,0.0331,1-butyl-3-methylimidazol-3-ium;acetate
313,101.325,1367.16,ABhYYA,1-hexylpyridinium bis(trifluromethylsulfonyl)imide,[N+](CCCCCC)1=CC=CC=C1.C(F)(F)(F)S(=O)(=O)[N-]S(=O)(=O)C(F)(F)(F),0.04842,0.294,bis(trifluoromethylsulfonyl)azanide;1-hexylpyridin-1-ium
318,101.325,1208.7,ABCPXU,1-ethyl-3-methylimidazolium 4-methylbenzenesulfonate,CC1=CC=C(C=C1)S(=O)(=O)[O-].C(C)N1C=[N+](C=C1)C,0.352,0.128,1-ethyl-3-methylimidazol-3-ium;4-methylbenzenesulfonate
328,101.325,1307.4,AAoCYj,"1,3-dimethylimidazolium methylsulfate",CN1C=C[N+](=C1)C.COS(=O)(=O)[O-],0.02367,1.083,"1,3-dimethylimidazol-1-ium;methylsulfate"
313,101.325,1462.1,ABZxyK,1-methyl-3-propylimidazolium bis[(trifluoromethyl)sulfonyl]imide,[N-](S(=O)(=O)C(F)(F)F)S(=O)(=O)C(F)(F)F.CN1C=[N+](C=C1)CCC,0.0261,0.971,bis(trifluoromethylsulfonyl)azanide;1-methyl-3-propylimidazol-3-ium
363,101.325,1383.6,ABEAMK,1-ethyl-3-methyl-1H-imidazolium bis(fluorosulfonyl)amide,FS(=O)(=O)[N-]S(=O)(=O)F.C(C)N1C=[N+](C=C1)C,0.00496,5.57,bis(fluorosulfonyl)azanide;1-ethyl-3-methylimidazol-3-ium
353,101.325,1346.6,ABdMFR,1-butyl-1-methylpyrrolidinium bis[(trifluoromethyl)sulfonyl]imide,[N-](S(=O)(=O)C(F)(F)F)S(=O)(=O)C(F)(F)F.C(CCC)[N+]1(CCCC1)C,0.01273,1.492,bis(trifluoromethylsulfonyl)azanide;1-butyl-1-methylpyrrolidin-1-ium
298,101.325,1214.34,AAquXI,1-butylpyridinium tetrafluoroborate,[B-](F)(F)(F)F.CCCC[N+]1=CC=CC=C1,0.1603,0.242,1-butylpyridin-1-ium;tetrafluoroborate
363,101.325,1288.0,ABHPsL,1-methyl-1-propylpyrrolidinium bis(fluorosulfonyl)amide,FS(=O)(=O)[N-]S(=O)(=O)F.C[N+]1(CCCC1)CCC,0.0088,3.22,bis(fluorosulfonyl)azanide;1-methyl-1-propylpyrrolidin-1-ium
303,101.325,1302.7,ABJzJH,1-butyl-1-methylpyrrolidinium bis(fluorosulfonyl)amide,FS(=O)(=O)[N-]S(=O)(=O)F.C(CCC)[N+]1(CCCC1)C,0.0425,0.339,bis(fluorosulfonyl)azanide;1-butyl-1-methylpyrrolidin-1-ium
308,101.325,1175.9,AAtemV,1-butyl-4-methylpyridinium tetrafluoroborate,[B-](F)(F)(F)F.CCCC[N+]1=CC=C(C=C1)C,0.1079,0.339,1-butyl-4-methylpyridin-1-ium;tetrafluoroborate
328,101.325,1162.2,AAteAG,1-butyl-3-methylpyridinium tetrafluoroborate,[B-](F)(F)(F)F.CCCC[N+]1=CC=CC(=C1)C,0.039,0.851,1-butyl-3-methylpyridin-1-ium;tetrafluoroborate
293,101.325,1099.5,ABETPF,N-octyl-3-methylpyridinium tetrafluoroborate,[B-](F)(F)(F)F.CCCCCCCC[N+]1=CC=CC(=C1)C,0.668,0.0266,3-methyl-1-octylpyridin-1-ium;tetrafluoroborate
283,101.325,1309.8,ABDWrN,1-butyl-3-methylimidazolium trifluoromethanesulfonate,CCCCN1C=C[N+](=C1)C.C(F)(F)(F)S(=O)(=O)[O-],0.201,0.14,1-butyl-3-methylimidazol-3-ium;trifluoromethanesulfonate
333,101.325,1348.0,AAyCSX,1-ethyl-3-methylimidazolium trifluoromethanesulfonate,CCN1C=C[N+](=C1)C.C(F)(F)(F)S(=O)(=O)[O-],0.01502,2.246,1-ethyl-3-methylimidazol-3-ium;trifluoromethanesulfonate
318,101.325,1037.22,AApeAj,1-butyl-3-methylpyridinium dicyanamide,[N-](C#N)C#N.C(CCC)[N+]1=CC(=CC=C1)C,0.01796,1.715,1-butyl-3-methylpyridin-1-ium;dicyanoazanide
288,101.325,1473.7,ABcDTm,2-methyl-1-propylpyridinium bis((trifluoromethyl)sulfonyl)amide,FC(S(=O)(=O)[N-]S(=O)(=O)C(F)(F)F)(F)F.CC1=[N+](C=CC=C1)CCC,0.1446,0.1637,bis(trifluoromethylsulfonyl)azanide;2-methyl-1-propylpyridin-1-ium
288,101.325,1515.4,ABZTJS,1-ethyl-2-methylpyridinium bis((trifluoromethyl)sulfonyl)amide,FC(S(=O)(=O)[N-]S(=O)(=O)C(F)(F)F)(F)F.C(C)[N+]1=C(C=CC=C1)C,0.1288,0.1989,bis(trifluoromethylsulfonyl)azanide;1-ethyl-2-methylpyridin-1-ium
333,101.325,1178.4,AAteYX,1-butyl-2-methylpyridinium tetrafluoroborate,[B-](F)(F)(F)F.CCCC[N+]1=CC=CC=C1C,0.0382,0.64,1-butyl-2-methylpyridin-1-ium;tetrafluoroborate
323,101.325,1266.7,AAmDWl,1-ethyl-3-methylimidazolium tetrafluoroborate,[B-](F)(F)(F)F.CCN1C=C[N+](=C1)C,0.01735,2.85,1-ethyl-3-methylimidazol-3-ium;tetrafluoroborate
308,101.325,1138.53,AAwsUz,1-hexyl-3-methylimidazolium tetrafluoroborate,[B-](F)(F)(F)F.CCCCCCN1C=C[N+](=C1)C,0.085,0.207,1-hexyl-3-methylimidazol-3-ium;tetrafluoroborate
308,101.325,1439.32,ABcDJB,1-butylpyridinium bis[(trifluoromethyl)sulfonyl]imide,[N-](S(=O)(=O)C(F)(F)F)S(=O)(=O)C(F)(F)F.C(CCC)[N+]1=CC=CC=C1,0.04009,0.4835,bis(trifluoromethylsulfonyl)azanide;1-butylpyridin-1-ium
328,101.325,1292.18,ABCsCW,1-butylpyridinium trifluoromethanesulfonate,CCCC[N+]1=CC=CC=C1.C(F)(F)(F)S(=O)(=O)[O-],0.03431,0.707,1-butylpyridin-1-ium;trifluoromethanesulfonate
353,101.325,1362.2,ABengX,1-butyl-3-methylpyridinium bis[(trifluoromethyl)sulfonyl]amide,FC(S(=O)(=O)[N-]S(=O)(=O)C(F)(F)F)(F)F.C(CCC)[N+]1=CC(=CC=C1)C,0.01078,1.437,bis(trifluoromethylsulfonyl)azanide;1-butyl-3-methylpyridin-1-ium
323,101.325,1296.0,ABnWUm,1-methyl-3-octylimidazolium bis(trifluoromethylsulfonyl)imide,CCCCCCCCN1C=C[N+](=C1)C.C(F)(F)(F)S(=O)(=O)[N-]S(=O)(=O)C(F)(F)F,0.0326,0.351,bis(trifluoromethylsulfonyl)azanide;1-methyl-3-octylimidazol-1-ium
353,101.325,1461.0,ABXNmS,1-ethyl-3-methylimidazolium bis((trifluoromethyl)sulfonyl)imide,CCN1C=C[N+](=C1)C.C(F)(F)(F)S(=O)(=O)[N-]S(=O)(=O)C(F)(F)F,0.00781,3.111,bis(trifluoromethylsulfonyl)azanide;1-ethyl-3-methylimidazol-3-ium
313,101.325,1036.0,AAsExa,1-butyl-3-methylimidazolium tricyanomethane,C(#N)C(C#N)C#N.C(CCC)N1C=[N+](C=C1)C,0.016,1.7,1-butyl-3-methylimidazol-3-ium;methanetricarbonitrile
313,101.325,1379.7,ABYLFy,butyltrimethylammonium bis(trifluoromethylsulfonyl)imide,CCCC[N+](C)(C)C.C(F)(F)(F)S(=O)(=O)[N-]S(=O)(=O)C(F)(F)F,0.05301,0.387,bis(trifluoromethylsulfonyl)azanide;butyl(trimethyl)azanium
353,101.325,1380.0,ABabHe,1-methyl-1-propylpyrrolidinium bis[(trifluoromethyl)sulfonyl]imide,[N-](S(=O)(=O)C(F)(F)F)S(=O)(=O)C(F)(F)F.C[N+]1(CCCC1)CCC,0.0117,1.86,bis(trifluoromethylsulfonyl)azanide;1-methyl-1-propylpyrrolidin-1-ium
293,101.325,1455.0,ABcDOD,3-methyl-1-propylpyridinium bis(trifluoromethylsulfonyl)imide,[N-](S(=O)(=O)C(F)(F)F)S(=O)(=O)C(F)(F)F.CC=1C=[N+](C=CC1)CCC,0.0691,0.318,bis(trifluoromethylsulfonyl)azanide;3-methyl-1-propylpyridin-1-ium
283,101.325,1252.2,AAnidI,1-ethyl-3-methylimidazolium methanesulfonate,CCN1C=C[N+](=C1)C.CS(=O)(=O)[O-],0.472,0.0988,1-ethyl-3-methylimidazol-3-ium;methanesulfonate
318,101.325,1166.2,ADWgME,trihexyl(tetradecyl)phosphonium tris(pentafluoroethyl)trifluorophosphate,CCCCCCCCCCCCCC[P+](CCCCCC)(CCCCCC)CCCCCC.C(C(F)(F)[P-](C(C(F)(F)F)(F)F)(C(C(F)(F)F)(F)F)(F)(F)F)(F)(F)F,0.1192,0.03,"tetrakis(1,1,2,2,2-pentafluoroethyl)phosphanuide;trihexyl(tetradecyl)phosphanium"
333,101.325,1040.8,ACqwGO,trihexyl(tetradecyl)phosphonium bis[(trifluoromethyl)sulfonyl]imide,[N-](S(=O)(=O)C(F)(F)F)S(=O)(=O)C(F)(F)F.C(CCCCC)[P+](CCCCCCCCCCCCCC)(CCCCCC)CCCCCC,0.06347,0.0473,bis(trifluoromethylsulfonyl)azanide;trihexyl(tetradecyl)phosphanium
353,101.325,1255.7,ABmOpT,triethyl(pentyl)phosphonium bis((trifluoromethyl)sulfonyl)amide,FC(S(=O)(=O)[N-]S(=O)(=O)C(F)(F)F)(F)F.C(C)[P+](CCCCC)(CC)CC,0.01196,0.999,bis(trifluoromethylsulfonyl)azanide;triethyl(pentyl)phosphanium
333,101.325,1260.9,AAqmRB,1-ethyl-3-methylimidazolium methyl sulfate,CCN1C=C[N+](=C1)C.COS(=O)(=O)[O-],0.0226,1.839,1-ethyl-3-methylimidazol-3-ium;methylsulfate
293,101.325,1469.2,ABZxPm,"1,3-diethylimidazolium bis[(trifluoromethyl)sulfonyl]imide",CCN1C=C[N+](=C1)CC.C(F)(F)(F)S(=O)(=O)[N-]S(=O)(=O)C(F)(F)F,0.03689,0.85,"bis(trifluoromethylsulfonyl)azanide;1,3-diethylimidazol-1-ium"
293,101.325,1215.6,AAUoGY,ethylammonium nitrate,CC[NH3+].[N+](=O)([O-])[O-],0.0435,1.93,ethylazanium;nitrate
293,101.325,1299.8,ABICYL,1-hexyl-3-methylimidazolium hexafluorophosphate,CCCCCCN1C=C[N+](=C1)C.F[P-](F)(F)(F)(F)F,0.705,0.0376,1-hexyl-3-methylimidazol-3-ium;hexafluorophosphate
333,101.325,1209.1,ABNWKs,1-octyl-3-methylimidazolium hexafluorophosphate,CCCCCCCCN1C=C[N+](=C1)C.F[P-](F)(F)(F)(F)F,0.0993,0.17,1-methyl-3-octylimidazol-1-ium;hexafluorophosphate
288,101.325,1472.2,ABbPLY,"N-3-hydroxypropyl-N,N-dimethyl-N-ethylammonium bis(trifluoromethanesulfonyl)amide",FC(S(=O)(=O)[N-]S(=O)(=O)C(F)(F)F)(F)F.OCCC[N+](CC)(C)C,0.314,0.069,bis(trifluoromethylsulfonyl)azanide;ethyl-(3-hydroxypropyl)-dimethylazanium
323,101.325,1507.8,ABkHxF,"N-ethyl-N,N,N-tris(2-hydroxyethyl)ammonium bis(trifluoromethanesulfonyl)amide",FC(S(=O)(=O)[N-]S(=O)(=O)C(F)(F)F)(F)F.C(C)[N+](CCO)(CCO)CCO,0.1586,0.118,bis(trifluoromethylsulfonyl)azanide;ethyl-tris(2-hydroxyethyl)azanium
303,101.325,1367.2,ABavYa,"N-butyl-N,N-dimethyl-N-ethylammonium bis(trifluoromethanesulfonyl)amide",FC(S(=O)(=O)[N-]S(=O)(=O)C(F)(F)F)(F)F.C(CCC)[N+](CC)(C)C,0.0784,0.228,bis(trifluoromethylsulfonyl)azanide;butyl-ethyl-dimethylazanium
308,101.325,1421.6,ABbPWT,"N-ethyl-N,N-dimethyl-2-methoxyethylammonium bis(trifluoromethylsulfonyl)imide",CC[N+](C)(C)CCOC.C(F)(F)(F)S(=O)(=O)[N-]S(=O)(=O)C(F)(F)F,0.0405,0.415,bis(trifluoromethylsulfonyl)azanide;ethyl-(2-methoxyethyl)-dimethylazanium
313,101.325,1501.7,ABeTqL,"N-ethyl-N-methyl-N,N-bis(2- hydroxyethyl)ammonium bis(trifluoromethanesulfonyl)amide",FC(S(=O)(=O)[N-]S(=O)(=O)C(F)(F)F)(F)F.C(C)[N+](CCO)(CCO)C,0.1126,0.165,bis(trifluoromethylsulfonyl)azanide;ethyl-bis(2-hydroxyethyl)-methylazanium
303,101.325,1562.3,ABhXDS,"N-methyl-N,N,N-tris(2-hydroxyethyl)ammonium bis(trifluoromethanesulfonyl)amide",FC(S(=O)(=O)[N-]S(=O)(=O)C(F)(F)F)(F)F.C[N+](CCO)(CCO)CCO,0.398,0.05,bis(trifluoromethylsulfonyl)azanide;tris(2-hydroxyethyl)-methylazanium
308,101.325,1447.9,ABpcYN,"N-butyl-N,N,N-tris(2-hydroxyethyl)ammonium bis(trifluoromethanesulfonyl)amide",FC(S(=O)(=O)[N-]S(=O)(=O)C(F)(F)F)(F)F.C(CCC)[N+](CCO)(CCO)CCO,0.484,0.034,bis(trifluoromethylsulfonyl)azanide;butyl-tris(2-hydroxyethyl)azanium
348,101.325,1062.96,ABJgJP,1-ethyl-3-methylimidazolium octyl sulfate,S(=O)(=O)(OCCCCCCCC)[O-].C(C)N1C=[N+](C=C1)C,0.0498,0.385,1-ethyl-3-methylimidazol-3-ium;octylsulfate
318,101.325,1132.19,AAmaCg,3-ethyl-1-methylimidazolium (S)-2-hydroxypropanoate,O[C@H](C(=O)[O-])C.C(C)[N+]1=CN(C=C1)C,0.0465,0.389,1-ethyl-3-methylimidazol-1-ium;(2S)-2-hydroxypropanoate
328,101.325,1216.6,AByLAH,1-dodecyl-3-methyl-1H-imidazolium bis(trifluoromethylsulfonyl)amide,FC(S(=O)(=O)[N-]S(=O)(=O)C(F)(F)F)(F)F.C(CCCCCCCCCCC)N1C=[N+](C=C1)C,0.0327,0.1292,bis(trifluoromethylsulfonyl)azanide;1-dodecyl-3-methylimidazol-3-ium
338,101.325,1301.5,ABigEw,1-hexyl-1-methylpyrrolidinium bis(trifluoromethanesulfonyl)imide,[N-](S(=O)(=O)C(F)(F)F)S(=O)(=O)C(F)(F)F.C(CCCCC)[N+]1(CCCC1)C,0.0221,0.61,bis(trifluoromethylsulfonyl)azanide;1-hexyl-1-methylpyrrolidin-1-ium
328,101.325,1052.54,AAlxyE,1-butyl-3-methylimidazolium thiocyanate,CCCCN1C=C[N+](=C1)C.C(#N)[S-],0.01619,0.921,1-butyl-3-methylimidazol-3-ium;thiocyanate
298,101.325,1116.7,AAgcxF,1-ethyl-3-methylimidazolium thiocyanate,CCN1C=C[N+](=C1)C.C(#N)[S-],0.0245,1.874,1-ethyl-3-methylimidazol-3-ium;thiocyanate
313,101.325,1582.0,ACIwsZ,1-butyl-1-methylpyrrolidinium tris(pentafluoroethyl)trifluorophosphate,CCCC[N+]1(CCCC1)C.C(C(F)(F)[P-](C(C(F)(F)F)(F)F)(C(C(F)(F)F)(F)F)(F)(F)F)(F)(F)F,0.0954,0.23,"1-butyl-1-methylpyrrolidin-1-ium;tetrafluoro-tris(1,1,2,2,2-pentafluoroethyl)phosphanuide"
333,101.325,1420.8,ABdfCl,1-(2-methoxyethyl)-1-methylpyrrolidinium bis((trifluoromethyl)sulfonyl)amide,FC(S(=O)(=O)[N-]S(=O)(=O)C(F)(F)F)(F)F.COCC[N+]1(CCCC1)C,0.01709,0.705,bis(trifluoromethylsulfonyl)azanide;1-(2-methoxyethyl)-1-methylpyrrolidin-1-ium
293,101.325,1103.4,AAgmgm,1-ethyl-3-methylimidazolium acetate,CCN1C=C[N+](=C1)C.CC(=O)[O-],0.1686,0.201,1-ethyl-3-methylimidazol-3-ium;acetate
298,101.325,1420.9,ABfRIU,"1-butyl-2,3-dimethyl-1H-imidazolium bis(trifluoromethylsulfonyl)amide",FC(S(=O)(=O)[N-]S(=O)(=O)C(F)(F)F)(F)F.C(CCC)N1C(=[N+](C=C1)C)C,0.1022,0.23,"bis(trifluoromethylsulfonyl)azanide;1-butyl-2,3-dimethylimidazol-3-ium"
333,101.325,1512.6,ACNmrs,1-hexyl-3-methylimidazolium tris(pentafluoroethyl)trifluorophosphate,CCCCCCN1C=C[N+](=C1)C.C(C(F)(F)[P-](C(C(F)(F)F)(F)F)(C(C(F)(F)F)(F)F)(F)(F)F)(F)(F)F,0.022,0.593,"1-hexyl-3-methylimidazol-3-ium;tetrafluoro-tris(1,1,2,2,2-pentafluoroethyl)phosphanuide"
333,101.325,1484.7,ABVaXa,"N,N-dimethylpropionamidium bis(trifluoromethanesulfonyl)amide",FC(S(=O)(=O)[N-]S(=O)(=O)C(F)(F)F)(F)F.C[NH+](C(CC)=O)C,0.02784,0.787,bis(trifluoromethylsulfonyl)azanide;dimethyl(propanoyl)azanium
318,101.325,1093.3,AAaJqR,n-butylammonium nitrate,[N+](=O)([O-])[O-].C(CCC)[NH3+],0.0482,0.848,butylazanium;nitrate
333,101.325,1529.9,ABSqrr,"N,N-dimethylacetamidium bis(trifluoromethanesulfonyl)amide",FC(S(=O)(=O)[N-]S(=O)(=O)C(F)(F)F)(F)F.C[NH+](C(C)=O)C,0.03131,0.782,acetyl(dimethyl)azanium;bis(trifluoromethylsulfonyl)azanide
313,101.325,1304.9,ABnWmB,1-butyl-3-isopentylimidazolium bis((trifluoromethyl)sulfonyl)amide,FC(S(=O)(=O)[N-]S(=O)(=O)C(F)(F)F)(F)F.C(CCC)N1C=[N+](C=C1)CCC(C)C,0.0465,0.273,bis(trifluoromethylsulfonyl)azanide;1-butyl-3-(3-methylbutyl)imidazol-3-ium
333,101.325,1286.5,ABnWxS,1-butyl-3-pentylimidazolium bis((trifluoromethyl)sulfonyl)imide,[N-](S(=O)(=O)C(F)(F)F)S(=O)(=O)C(F)(F)F.C(CCC)N1C=[N+](C=C1)CCCCC,0.0202,0.58,bis(trifluoromethylsulfonyl)azanide;1-butyl-3-pentylimidazol-3-ium
333,101.325,1343.1,ABnCIW,1-cyclopentyl-3-butylimidazolium bis((trifluoromethyl)sulfonyl)imide,[N-](S(=O)(=O)C(F)(F)F)S(=O)(=O)C(F)(F)F.C1(CCCC1)N1C=[N+](C=C1)CCCC,0.0223,0.668,bis(trifluoromethylsulfonyl)azanide;1-butyl-3-cyclopentylimidazol-1-ium
331,101.325,1230.1,AAoJDD,1-propylpyridinium tetrafluoroborate,[B-](F)(F)(F)F.CCC[N+]1=CC=CC=C1,0.02809,1.481,1-propylpyridin-1-ium;tetrafluoroborate
333,101.325,985.27,AAsjhd,1-butyl-1-methylpyrrolidinium tricyanomethanide,CCCC[N+]1(CCCC1)C.C(=C(C#N)C#N)=[N-],0.00979,2.05,"1-butyl-1-methylpyrrolidin-1-ium;2,2-dicyanoethenylideneazanide"
336,101.325,1499.16,ABWiGS,1-ethylpyridinium bis[(trifluoromethyl)sulfonyl]imide,[N-](S(=O)(=O)C(F)(F)F)S(=O)(=O)C(F)(F)F.C(C)[N+]1=CC=CC=C1,0.013,2.11,bis(trifluoromethylsulfonyl)azanide;1-ethylpyridin-1-ium
303,101.325,1025.8,AAstXF,1-hexyl-3-methylimidazolium dicyanamide,CCCCCCN1C=C[N+](=C1)C.C(=[N-])=NC#N,0.04132,0.626,cyanoiminomethylideneazanide;1-hexyl-3-methylimidazol-3-ium
298,101.325,1412.2,ABenah,1-butyl-4-methylpyridinium bis((trifluoromethyl)sulfonyl)amide,FC(S(=O)(=O)[N-]S(=O)(=O)C(F)(F)F)(F)F.C(CCC)[N+]1=CC=C(C=C1)C,0.05633,0.341,bis(trifluoromethylsulfonyl)azanide;1-butyl-4-methylpyridin-1-ium
293,101.325,1104.8,ACUoWK,"methyltrioctylammonium 1,1,1-trifluoro-N-[(trifluoromethyl)sulfonyl]methanesulfonamide",FC(S(=O)(=O)NS(=O)(=O)C(F)(F)F)(F)F.C[N+](CCCCCCCC)(CCCCCCCC)CCCCCCCC,0.727,0.0046,"methyl(trioctyl)azanium;1,1,1-trifluoro-N-(trifluoromethylsulfonyl)methanesulfonamide"
328,101.325,862.2,ACVzVV,trihexyltetradecylphosphonium decanoate,CCCCCCCCCCCCCC[P+](CCCCCC)(CCCCCC)CCCCCC.CCCCCCCCCC(=O)[O-],0.1049,0.00763,decanoate;trihexyl(tetradecyl)phosphanium
348,101.325,1331.0,ABjxpz,triethyl(2-methoxyethyl)phosphonium bis((trifluoromethyl)sulfonyl)amide,FC(S(=O)(=O)[N-]S(=O)(=O)C(F)(F)F)(F)F.C(C)[P+](CCOC)(CC)CC,0.01015,1.45,bis(trifluoromethylsulfonyl)azanide;triethyl(2-methoxyethyl)phosphanium
298,101.325,1385.5,ABgkBC,"N,N,N-triethyl-2-methoxyethan-1-aminium bis((trifluoromethyl)sulfonyl)amide",FC(S(=O)(=O)[N-]S(=O)(=O)C(F)(F)F)(F)F.C(C)[N+](CCOC)(CC)CC,0.085,0.21,bis(trifluoromethylsulfonyl)azanide;triethyl(2-methoxyethyl)azanium
283,101.325,1029.6,AAxZAm,3-hexyl-1-methylimidazolium tricyanomethanide,C(#N)[C-](C#N)C#N.C(CCCCC)[N+]1=CN(C=C1)C,0.091,0.14,ethanetricarbonitrile;1-hexyl-3-methylimidazol-1-ium
353,101.325,1462.9,ABcXki,1-(2-methoxyethyl)pyridinium bis(trifluoromethylsulfonyl)amide,FC(S(=O)(=O)[N-]S(=O)(=O)C(F)(F)F)(F)F.COCC[N+]1=CC=CC=C1,0.01033,0.936,bis(trifluoromethylsulfonyl)azanide;1-(2-methoxyethyl)pyridin-1-ium
318,101.325,1364.9,ABfwPV,1-butyl-1-methylpiperidinium bis(trifluoromethanesulfonyl)imide,CCCC[N+]1(CCCCC1)C.C(F)(F)(F)S(=O)(=O)[N-]S(=O)(=O)C(F)(F)F,0.06724,0.337,bis(trifluoromethylsulfonyl)azanide;1-butyl-1-methylpiperidin-1-ium
323,101.325,1054.91,ABHhOR,1-decyl-3-methylimidazolium tetrafluoroborate,[B-](F)(F)(F)F.CCCCCCCCCCN1C=C[N+](=C1)C,0.147,0.124,1-decyl-3-methylimidazol-3-ium;tetrafluoroborate
323,101.325,1463.53,AAzJxT,1-butyl-3-methylimidazolium iodide,CCCCN1C=C[N+](=C1)C.[I-],0.134,0.18,1-butyl-3-methylimidazol-3-ium;iodide
298,101.325,1144.2,AAyqfr,1-ethyl-3-methylimidazolium diethyl phosphate,CCN1C=C[N+](=C1)C.CCOP(=O)([O-])OCC,0.397,0.09,diethylphosphate;1-ethyl-3-methylimidazol-3-ium
318,101.325,1685.46,ACCxgV,1-ethyl-3-methylimidazolium tris(pentafluoroethyl)trifluorophosphate,CCN1C=C[N+](=C1)C.C(C(F)(F)[P-](C(C(F)(F)F)(F)F)(C(C(F)(F)F)(F)F)(F)(F)F)(F)(F)F,0.02898,1.018,"1-ethyl-3-methylimidazol-3-ium;tetrafluoro-tris(1,1,2,2,2-pentafluoroethyl)phosphanuide"
293,101.325,1333.6,ABmsqp,1-octylpyridinium bis((trifluoromethyl)sulfonyl)amide,FC(S(=O)(=O)[N-]S(=O)(=O)C(F)(F)F)(F)F.C(CCCCCCC)[N+]1=CC=CC=C1,0.134,0.056,bis(trifluoromethylsulfonyl)azanide;1-octylpyridin-1-ium
313,101.325,1024.59,AArYPq,1-ethyl-3-methylimidazolium tetracyanoborate,[B-](C#N)(C#N)(C#N)C#N.CCN1C=C[N+](=C1)C,0.01139,2.379,1-ethyl-3-methylimidazol-3-ium;tetracyanoboranuide
348,101.325,1308.0,ABEdNY,1-hexyl-3-methylimidazolium iodide,CCCCCCN1C=C[N+](=C1)C.[I-],0.0738,0.4,1-hexyl-3-methylimidazol-3-ium;iodide
303,101.325,1245.17,ABrFez,triethyloctylammonium bis[(trifluoromethyl)sulfonyl]imide,[N-](S(=O)(=O)C(F)(F)F)S(=O)(=O)C(F)(F)F.C(C)[N+](CCCCCCCC)(CC)CC,0.1789,0.078,bis(trifluoromethylsulfonyl)azanide;triethyl(octyl)azanium
303,101.325,1183.71,ACBupg,"N,N,N-triethyldodecan-1-aminium bis((trifluoromethyl)sulfonyl)amide",FC(S(=O)(=O)[N-]S(=O)(=O)C(F)(F)F)(F)F.C(C)[N+](CCCCCCCCCCCC)(CC)CC,0.249,0.039,bis(trifluoromethylsulfonyl)azanide;dodecyl(triethyl)azanium
318,101.325,1272.08,ABlkNk,triethylhexylammonium bis((trifluoromethyl)sulfonyl)imide,[N-](S(=O)(=O)C(F)(F)F)S(=O)(=O)C(F)(F)F.C(C)[N+](CCCCCC)(CC)CC,0.0699,0.247,bis(trifluoromethylsulfonyl)azanide;triethyl(hexyl)azanium
298,101.325,1000.0,ABCtlp,1-methyl-3-octylimidazolium tricyanomethanide,CCCCCCCCN1C=C[N+](=C1)C.C(=C(C#N)C#N)=[N-],0.06,0.18,"2,2-dicyanoethenylideneazanide;1-methyl-3-octylimidazol-1-ium"
348,101.325,1413.77,ABYpkj,triethylsulfonium bis((trifluoromethyl)sulfonyl)imide,[N-](S(=O)(=O)C(F)(F)F)S(=O)(=O)C(F)(F)F.C(C)[S+](CC)CC,0.0085,2.457,bis(trifluoromethylsulfonyl)azanide;triethylsulfanium
343,101.325,1367.3,ABdzFU,"N,N-diethyl-2-methoxy-N-methylethan-1-aminium bis((trifluoromethyl)sulfonyl)amide",FC(S(=O)(=O)[N-]S(=O)(=O)C(F)(F)F)(F)F.C(C)[N+](CCOC)(C)CC,0.0145,1.049,bis(trifluoromethylsulfonyl)azanide;diethyl-(2-methoxyethyl)-methylazanium
348,101.325,1180.2,ABwaKq,"N,N,N-triethyl-1-decanaminium 1,1,1-trifluoro-N-[(trifluoromethyl)sulfonyl]methanesulfonamide",FC(S(=O)(=O)NS(=O)(=O)C(F)(F)F)(F)F.C(C)[N+](CCCCCCCCCC)(CC)CC,0.02836,0.367,"decyl(triethyl)azanium;1,1,1-trifluoro-N-(trifluoromethylsulfonyl)methanesulfonamide"
303,101.325,1396.46,ABYLXV,"N-ethyl-N,N-dimethyl-1-propanaminium 1,1,1-trifluoro-N-[(trifluoromethyl)sulfonyl]methanesulfonamide",FC(S(=O)(=O)NS(=O)(=O)C(F)(F)F)(F)F.C(C)[N+](CCC)(C)C,0.0534,0.281,"ethyl-dimethyl-propylazanium;1,1,1-trifluoro-N-(trifluoromethylsulfonyl)methanesulfonamide"
343,101.325,1216.7,ABrioD,Tributylmethylphosphonium bis[(trifluoromethyl)sulfonyl]imide,[N-](S(=O)(=O)C(F)(F)F)S(=O)(=O)C(F)(F)F.C(CCC)[P+](C)(CCCC)CCCC,0.0275,0.405,bis(trifluoromethylsulfonyl)azanide;tributyl(methyl)phosphanium
308,101.325,1236.2,ABuTAE,triethyloctylphosphonium bis(trifluoromethylsulfonyl)imide,[N-](S(=O)(=O)C(F)(F)F)S(=O)(=O)C(F)(F)F.C(C)[P+](CCCCCCCC)(CC)CC,0.072,0.141,bis(trifluoromethylsulfonyl)azanide;triethyl(octyl)phosphanium
293,101.325,1460.0,ABdqaa,1-butyltetrahydrothiophenium bis(trifluoromethylsulfonyl)imide,[N-](S(=O)(=O)C(F)(F)F)S(=O)(=O)C(F)(F)F.C(CCC)[S+]1CCCC1,0.117,0.32,bis(trifluoromethylsulfonyl)azanide;1-butylthiolan-1-ium
343,101.325,1320.0,ABkmPE,"1-hexyl-2,3-dimethylimidazolium bis[(trifluoromethyl)sulfonyl]imide",[N-](S(=O)(=O)C(F)(F)F)S(=O)(=O)C(F)(F)F.C(CCCCC)N1C(=[N+](C=C1)C)C,0.022,0.696,"bis(trifluoromethylsulfonyl)azanide;1-hexyl-2,3-dimethylimidazol-3-ium"
293,101.325,1496.1,ABZxAT,"1-ethyl-2,3-dimethylimidazolium bis[(trifluoromethyl)sulfonyl]imide",[N-](S(=O)(=O)C(F)(F)F)S(=O)(=O)C(F)(F)F.C(C)N1C(=[N+](C=C1)C)C,0.0881,0.32,"bis(trifluoromethylsulfonyl)azanide;1-ethyl-2,3-dimethylimidazol-3-ium"
293,101.325,1442.1,ABchGr,1-isobutyl-3-methylimidazolium bis[(trifluoromethyl)sulfonyl]amide,FC(S(=O)(=O)[N-]S(=O)(=O)C(F)(F)F)(F)F.C(C(C)C)N1C=[N+](C=C1)C,0.1074,0.26,bis(trifluoromethylsulfonyl)azanide;1-methyl-3-(2-methylpropyl)imidazol-1-ium
298,101.325,1237.2,ABIrjH,1-hexyl-3-methylimidazolium trifluoromethanesulfonate,CCCCCCN1C=C[N+](=C1)C.C(F)(F)(F)S(=O)(=O)[O-],0.151,0.73,1-hexyl-3-methylimidazol-3-ium;trifluoromethanesulfonate
358,101.325,1499.9,AAwYAG,1-methyl-3-propylimidazolium iodide,CCCN1C=C[N+](=C1)C.[I-],0.035,1.26,1-methyl-3-propylimidazol-1-ium;iodide
293,101.325,1237.7,ABCWrJ,"N,N-diethyl-2-methoxy-N-methylethan-1-aminium trifluoro(trifluoromethyl)borate",CC[N+](C)(CC)CCOC.[B-](F)(F)(F)C(F)(F)(F),0.133,0.249,diethyl-(2-methoxyethyl)-methylazanium;trifluoro(trifluoromethyl)boranuide
308,101.325,1171.0,AAsqEl,"N,N-diethyl-2-methoxy-N-methylethan-1-aminium tetrafluoroborate",[B-](F)(F)(F)F.CC[N+](C)(CC)CCOC,0.222,0.347,diethyl-(2-methoxyethyl)-methylazanium;tetrafluoroborate
318,101.325,1521.1,ABXCUI,1-(2-hydroxyethyl)-3-methylimidazolium perfluoropentanoate,FC(C(=O)[O-])(C(C(C(F)(F)F)(F)F)(F)F)F.OCCN1C=[N+](C=C1)C,0.1908,0.114,"2-(3-methylimidazol-3-ium-1-yl)ethanol;2,2,3,3,4,4,5,5,5-nonafluoropentanoate"
283,101.325,1636.1,ABdyBr,1-(2-hydroxyethyl)-3-methylimidazolium nonafluoro-1-butanesulfonate,FC(C(C(C(S(=O)(=O)[O-])(F)F)(F)F)(F)F)(F)F.OCCN1C=[N+](C=C1)C,3.022,0.0131,"2-(3-methylimidazol-3-ium-1-yl)ethanol;1,1,2,2,3,3,4,4,4-nonafluorobutane-1-sulfonate"
293,101.325,1070.3,ABLIKV,tributylmethylphosphonium methyl sulfate,CCCC[P+](C)(CCCC)CCCC.COS(=O)(=O)[O-],0.719,0.00749,methylsulfate;tributyl(methyl)phosphanium
348,101.325,1454.5,ABWFpV,diethylmethylsulfonium bis[(trifluoromethyl)sulfonyl]imide,[N-](S(=O)(=O)C(F)(F)F)S(=O)(=O)C(F)(F)F.C(C)[S+](C)CC,0.01,2.427,bis(trifluoromethylsulfonyl)azanide;diethyl(methyl)sulfanium
283,101.325,1298.3,ABsNTn,"3,5-dimethyl-1-octylpyridinium bis(trifluoromethylsulfonyl)amide",FC(S(=O)(=O)[N-]S(=O)(=O)C(F)(F)F)(F)F.CC=1C=[N+](C=C(C1)C)CCCCCCCC,0.33,0.0302,"bis(trifluoromethylsulfonyl)azanide;3,5-dimethyl-1-octylpyridin-1-ium"
323,101.325,1359.2,ABhYWm,"1-butyl-3,5-dimethylpyridinium bis(trifluoromethylsulfonyl)amide",FC(S(=O)(=O)[N-]S(=O)(=O)C(F)(F)F)(F)F.C(CCC)[N+]1=CC(=CC(=C1)C)C,0.026,0.532,"bis(trifluoromethylsulfonyl)azanide;1-butyl-3,5-dimethylpyridin-1-ium"
293,101.325,1017.5,AAoDJf,1-butyl-1-methylpyrrolidinium dicyanamide,CCCC[N+]1(CCCC1)C.C(=[N-])=NC#N,0.0388,1.122,1-butyl-1-methylpyrrolidin-1-ium;cyanoiminomethylideneazanide
333,101.325,1533.1,ABUcKM,"1,3-dimethylimidazolium bis((trifluoromethyl)sulfonyl)amide",FC(S(=O)(=O)[N-]S(=O)(=O)C(F)(F)F)(F)F.CN1C=[N+](C=C1)C,0.01349,2.196,"bis(trifluoromethylsulfonyl)azanide;1,3-dimethylimidazol-1-ium"
308,101.325,1563.9,ABaRrp,1-(2-hydroxyethyl)-3-methylimidazolium bis[(trifluoromethyl)sulfonyl]imide,[N-](S(=O)(=O)C(F)(F)F)S(=O)(=O)C(F)(F)F.OCCN1C=[N+](C=C1)C,0.0539,0.481,bis(trifluoromethylsulfonyl)azanide;2-(3-methylimidazol-3-ium-1-yl)ethanol
338,101.325,1570.2,ABZSvD,3-(cyanomethyl)-1-methyl-1H-imidazol-3-ium bis((trifluoromethyl)sulfonyl)amide,FC(S(=O)(=O)[N-]S(=O)(=O)C(F)(F)F)(F)F.C(#N)C[N+]1=CN(C=C1)C,0.0397,0.644,bis(trifluoromethylsulfonyl)azanide;2-(3-methylimidazol-1-ium-1-yl)acetonitrile
283,101.325,1365.3,ABkImk,1-hexyl-4-methylpyridinium bis(trifluoromethanesulfonyl)imide,[N-](S(=O)(=O)C(F)(F)F)S(=O)(=O)C(F)(F)F.C(CCCCC)[N+]1=CC=C(C=C1)C,0.1816,0.0839,bis(trifluoromethylsulfonyl)azanide;1-hexyl-4-methylpyridin-1-ium
303,101.325,1149.2,AApeSd,1-(3-cyanopropyl)-3-methylimidazolium cyanocyanamide,C(#N)NC#N.C(#N)CCCN1C=[N+](C=C1)C,0.119,0.64,cyanocyanamide;4-(3-methylimidazol-3-ium-1-yl)butanenitrile
358,101.325,924.5,ABohNC,methyltrioctylammonium trifluoroacetate,CCCCCCCC[N+](C)(CCCCCCCC)CCCCCCCC.C(=O)(C(F)(F)F)[O-],0.05333,0.04441,"methyl(trioctyl)azanium;2,2,2-trifluoroacetate"
293,101.325,1389.1,ABhYDf,"1-butyl-2,3-dimethylpyridinium bis(trifluoromethylsulfonyl)amide",FC(S(=O)(=O)[N-]S(=O)(=O)C(F)(F)F)(F)F.C(CCC)[N+]1=C(C(=CC=C1)C)C,0.186,0.1163,"bis(trifluoromethylsulfonyl)azanide;1-butyl-2,3-dimethylpyridin-1-ium"
353,101.325,1036.0,AAmuiM,1-butylpyridinium dicyanamide,[N-](C#N)C#N.C(CCC)[N+]1=CC=CC=C1,0.007129,4.927,1-butylpyridin-1-ium;dicyanoazanide
333,101.325,1077.1,ABPBrU,1-ethyl-3-methylimidazolium decyl sulfate,S(=O)(=O)(OCCCCCCCCCC)[O-].C(C)N1C=[N+](C=C1)C,0.1289,0.202,decylsulfate;1-ethyl-3-methylimidazol-3-ium
313,101.325,1279.7,AArFqW,1-ethyl-3-methylimidazolium trifluoroacetate,CCN1C=C[N+](=C1)C.C(=O)(C(F)(F)F)[O-],0.0199,1.6,"1-ethyl-3-methylimidazol-3-ium;2,2,2-trifluoroacetate"
353,101.325,996.2,AAlStB,1-methyl-1-propylpyrrolidinium dicyanamide,CCC[N+]1(CCCC1)C.C(=[N-])=NC#N,0.0087,5.0,cyanoiminomethylideneazanide;1-methyl-1-propylpyrrolidin-1-ium
313,101.325,1289.0,ACqNOX,tributyloctylphosphonium tris(pentafluoroethyl)trifluorophosphate,[P+](CCCC)(CCCC)(CCCC)(CCCCCCCC).[P-](F)(C(F)(F)C(F)(F)(F))(F)(C(F)(F)C(F)(F)(F))(F)(C(F)(F)C(F)(F)(F)),0.1384,0.052,"tetrakis(1,1,2,2,2-pentafluoroethyl)phosphanuide;tributyl(octyl)phosphanium"
298,101.325,1492.0,ADjMNA,"tributyl(3,3,4,4,5,5,6,6,7,7,8,8,8-tridecafluorooctyl)phosphonium tris(perfluoroethyl)trifluorophosphate",[P+](CCCC)(CCCC)(CCCC)(CCC(F)(F)C(F)(F)C(F)(F)C(F)(F)C(F)(F)C(F)(F)(F)).[P-](F)(C(F)(F)C(F)(F)(F))(F)(C(F)(F)C(F)(F)(F))(F)(C(F)(F)C(F)(F)(F)),0.446,0.013,"tetrakis(1,1,2,2,2-pentafluoroethyl)phosphanuide;tributyl(3,3,4,4,5,5,6,6,7,7,8,8,8-tridecafluorooctyl)phosphanium"
363,101.325,1019.0,ACnhqJ,trihexyltetradecylphosphonium nonafluoropentanoate,FC(C(C(C(C(=O)[O-])(F)F)(F)F)(F)F)(F)F.C(CCCCC)[P+](CCCCCCCCCCCCCC)(CCCCCC)CCCCCC,0.0235,0.0528,"2,2,3,3,4,4,5,5,5-nonafluoropentanoate;trihexyl(tetradecyl)phosphanium"
358,101.325,1103.0,ADaFVX,trihexyltetradecylphosphonium heptadecafluorononanoate,FC(C(C(C(C(C(C(C(C(=O)[O-])(F)F)(F)F)(F)F)(F)F)(F)F)(F)F)(F)F)(F)F.C(CCCCC)[P+](CCCCCCCCCCCCCC)(CCCCCC)CCCCCC,0.0384,0.0214,"2,2,3,3,4,4,5,5,6,6,7,7,8,8,9,9,9-heptadecafluorononanoate;trihexyl(tetradecyl)phosphanium"
318,101.325,1158.0,ADhBQn,trihexyltetradecylphosphonium heptadecafluorooctanesulfonate,FC(C(C(C(C(C(C(C(S(=O)(=O)[O-])(F)F)(F)F)(F)F)(F)F)(F)F)(F)F)(F)F)(F)F.C(CCCCC)[P+](CCCCCCCCCCCCCC)(CCCCCC)CCCCCC,0.476,0.0024,"1,1,2,2,3,3,4,4,5,5,6,6,7,7,8,8,8-heptadecafluorooctane-1-sulfonate;trihexyl(tetradecyl)phosphanium"
353,101.325,1039.0,ACudsb,trihexyltetradecylphosphonium nonafluorobutanesulfonate,FC(C(C(C(S(=O)(=O)[O-])(F)F)(F)F)(F)F)(F)F.C(CCCCC)[P+](CCCCCCCCCCCCCC)(CCCCCC)CCCCCC,0.0515,0.0273,"1,1,2,2,3,3,4,4,4-nonafluorobutane-1-sulfonate;trihexyl(tetradecyl)phosphanium"
333,101.325,901.4,ABbmnq,tributyl(octyl)phosphonium acetylacetonate,[P+](CCCC)(CCCC)(CCCC)(CCCCCCCC).CC(=O)[CH-]C(=O)C,0.0383,0.01649,"pentane-2,4-dione;tributyl(octyl)phosphanium"
338,101.325,910.2,ABjXkJ,"tributyl(octyl)phosphonium 4,4-dimethyl-2,6-dioxocyclohexan-1-ide",CC1(CC([CH-]C(C1)=O)=O)C.C(CCC)[P+](CCCCCCCC)(CCCC)CCCC,0.0271,0.01046,"5,5-dimethylcyclohexane-1,3-dione;tributyl(octyl)phosphanium"
328,101.325,944.9,ABzfwj,"tributyl(octyl)phosphonium 1,3-dioxo-1,3-diphenylpropan-2-ide",O=C([CH-]C(C1=CC=CC=C1)=O)C1=CC=CC=C1.C(CCC)[P+](CCCCCCCC)(CCCC)CCCC,0.0276,0.01517,"1,3-diphenylpropane-1,3-dione;tributyl(octyl)phosphanium"
328,101.325,966.8,ABketd,"tributyl(octyl)phosphonium 1,3-dioxo-2,3-dihydro-1H-inden-2-ide",O=C1[CH-]C(C2=CC=CC=C12)=O.C(CCC)[P+](CCCCCCCC)(CCCC)CCCC,0.1123,0.0117,"inden-2-ide-1,3-dione;tributyl(octyl)phosphanium"
313,101.325,1152.2,AAuALF,4-ethyl-4-methylmorpholin-4-ium ethylphosphonate,C(C)P([O-])([O-])=O.C(C)[N+]1(CCOCC1)C.C(C)[N+]1(CCOCC1)C,0.0702,0.135,ethyl-dioxido-oxo-λ5-phosphane;4-ethyl-4-methylmorpholin-4-ium
323,101.325,1079.5,AAtgmT,1-ethyl-1-methylpiperidin-1-ium ethyl phosphonate,P(OCC)([O-])=O.C(C)[N+]1(CCCCC1)C,0.02511,0.155,ethoxyphosphinate;1-ethyl-1-methylpiperidin-1-ium
293,101.325,972.2,ABaAxc,1-methyl-1-octylpiperidin-1-ium octyl phosphonate,P(OCCCCCCCC)([O-])=O.C[N+]1(CCCCC1)CCCCCCCC,0.0458,0.03,1-methyl-1-octylpiperidin-1-ium;octoxyphosphinate
301,101.325,1011.5,ABPKLU,1-hexyl-1-methylpiperidin-1-ium hexylphosphonate,C(CCCCC)P([O-])([O-])=O.C(CCCCC)[N+]1(CCCCC1)C.C(CCCCC)[N+]1(CCCCC1)C,0.174,0.044,hexyl-dioxido-oxo-λ5-phosphane;1-hexyl-1-methylpiperidin-1-ium
311,101.325,980.5,ABXPoL,N-methyl-N-octylpyrrolidinium octylphosphonate,C(CCCCCCC)P([O-])([O-])=O.C[N+]1(CCCC1)CCCCCCCC.C[N+]1(CCCC1)CCCCCCCC,0.0465,0.044,1-methyl-1-octylpyrrolidin-1-ium;octyl-dioxido-oxo-λ5-phosphane
323,101.325,960.66,ABaTob,4-methyl-4-octylmorpholin-4-ium octylphosphonate,C(CCCCCCC)P([O-])([O-])=O.C[N+]1(CCOCC1)CCCCCCCC.C[N+]1(CCOCC1)CCCCCCCC,0.01738,0.035,4-methyl-4-octylmorpholin-4-ium;octyl-dioxido-oxo-λ5-phosphane
348,101.325,1182.0,ABTCNz,triethyl(pentyl)phosphonium bis(fluorosulfonyl)amide,FS(=O)(=O)[N-]S(=O)(=O)F.C(C)[P+](CCCCC)(CC)CC,0.01452,1.76,bis(fluorosulfonyl)azanide;triethyl(pentyl)phosphanium
283,101.325,1370.3,ABJVJm,1-butyl-3-methylimidazolium bis(fluorosulfonyl)imide,CCCCN1C=C[N+](=C1)C.N(S(=O)(=O)F)S(=O)(=O)F,0.0585,0.462,1-butyl-3-methylimidazol-3-ium;N-fluorosulfonylsulfamoylfluoride
278,101.325,1534.0,ABvtXp,1-butyl-3-methylimidazolium bis(perfluoroethylsulfonyl)imide,CCCCN1C=C[N+](=C1)C.C(C(F)(F)S(=O)(=O)[N-]S(=O)(=O)C(C(F)(F)F)(F)F)(F)(F)F,0.382,0.046,"bis(1,1,2,2,2-pentafluoroethylsulfonyl)azanide;1-butyl-3-methylimidazol-3-ium"
321,101.325,1067.48,ABBlSX,1-butyl-1-methylpyrrolidin-1-ium butyl phosphonate,P(OCCCC)([O-])=O.C(CCC)[N+]1(CCCC1)C,0.0749,0.068,butoxyphosphinate;1-butyl-1-methylpyrrolidin-1-ium
318,101.325,1433.7,ABWEla,1-ethyl-3-methylpyridinium perfluoropentanoate,FC(C(=O)[O-])(C(C(C(F)(F)F)(F)F)(F)F)F.C(C)[N+]1=CC(=CC=C1)C,0.0537,0.289,"1-ethyl-3-methylpyridin-1-ium;2,2,3,3,4,4,5,5,5-nonafluoropentanoate"
296,101.325,1124.6,AAqwpG,N-ethyl-N-methylpyrrolidinium ethylphosphonate,C(C)P([O-])([O-])=O.C(C)[N+]1(CCCC1)C.C(C)[N+]1(CCCC1)C,0.251,0.223,ethyl-dioxido-oxo-λ5-phosphane;1-ethyl-1-methylpyrrolidin-1-ium
308,101.325,1047.14,ABEVvP,1-butyl-1-methylpiperidin-1-ium butyl phosphonate,P(OCCCC)([O-])=O.C(CCC)[N+]1(CCCCC1)C,0.051,0.044,butoxyphosphinate;1-butyl-1-methylpiperidin-1-ium
311,101.325,1110.4,ABEpyd,4-butyl-4-methylmorpholin-4-ium butylphosphonate,C(CCC)P([O-])([O-])=O.C(CCC)[N+]1(CCOCC1)C.C(CCC)[N+]1(CCOCC1)C,0.1096,0.108,butyl-dioxido-oxo-λ5-phosphane;4-butyl-4-methylmorpholin-4-ium
316,101.325,1048.6,ABMaXV,N-hexyl-N-methylpyrrolidinium hexylphosphonate,C(CCCCC)P([O-])([O-])=O.C(CCCCC)[N+]1(CCCC1)C.C(CCCCC)[N+]1(CCCC1)C,0.1081,0.052,hexyl-dioxido-oxo-λ5-phosphane;1-hexyl-1-methylpyrrolidin-1-ium
303,101.325,1016.7,ABPeev,4-hexyl-4-methylmorpholin-4-ium hexylphosphonate,C(CCCCC)P([O-])([O-])=O.C(CCCCC)[N+]1(CCOCC1)C.C(CCCCC)[N+]1(CCOCC1)C,0.197,0.02,hexyl-dioxido-oxo-λ5-phosphane;4-hexyl-4-methylmorpholin-4-ium
328,101.325,1057.5,AAkoFC,1-methyl-3-propylimidazolium dicyanamide,[N-](C#N)C#N.CN1C=[N+](C=C1)CCC,0.00899,3.721,dicyanoazanide;1-methyl-3-propylimidazol-3-ium
353,101.325,1014.7,AAqImT,3-methyl-1-pentylimidazolium dicyanamide,[N-](C#N)C#N.C[N+]1=CN(C=C1)CCCCC,0.007819,3.015,dicyanoazanide;1-methyl-3-pentylimidazol-1-ium
330,101.325,1118.3,AAeBWF,"1,3-dimethylimidazolium acetate",CC(=O)[O-].CN1C=C[N+](=C1)C,0.0703,0.351,"1,3-dimethylimidazol-1-ium;acetate"
323,101.325,1188.0,AApUWi,3-ethyl-1-methyl-1H-imidazolium L-serinate,N[C@@H](CO)C(=O)[O-].C(C)[N+]1=CN(C=C1)C,0.0805,0.258,(2S)-2-amino-3-hydroxypropanoate;1-ethyl-3-methylimidazol-1-ium
298,101.325,1123.0,AAmQKa,1-ethyl-3-methylimidazolium L-alaninate,N[C@@H](C)C(=O)[O-].C(C)N1C=[N+](C=C1)C,0.1712,0.064,(2S)-2-aminopropanoate;1-ethyl-3-methylimidazol-3-ium
298,101.325,1161.0,AAjgzG,1-ethyl-3-methylimidazolium ammonioacetate,[NH3+]CC(=O)[O-].C(C)N1C=[N+](C=C1)C,0.0615,0.057,2-azaniumylacetate;1-ethyl-3-methylimidazol-3-ium
298,101.325,1142.8,AArQCN,1-ethyl-3-methyl-1H-imidazolium L-prolinate,N1[C@@H](CCC1)C(=O)[O-].C(C)N1C=[N+](C=C1)C,0.426,0.016,1-ethyl-3-methylimidazol-3-ium;(2S)-pyrrolidine-2-carboxylate
353,101.325,1115.8,AAxind,N-hexylethylenediammonium trifluoroacetate,FC(C(=O)[O-])(F)F.C(CCCCC)[NH2+]CC[NH3+].FC(C(=O)[O-])(F)F,0.022,0.272,"2-azaniumylethyl(hexyl)azanium;2,2,2-trifluoroacetate"
328,101.325,1105.0,ABDDdH,N-(2-ethylhexyl)ethylenediammonium trifluoroacetate,FC(C(=O)[O-])(F)F.C(C)C(C[NH2+]CC[NH3+])CCCC.FC(C(=O)[O-])(F)F,0.0828,0.0638,"2-azaniumylethyl(2-ethylhexyl)azanium;2,2,2-trifluoroacetate"
308,101.325,1212.8,ABJzpz,"N1-(2-ethylhexyl)ethane-1,2-diamine trifluoromethanesulfonate",FC(S(=O)(=O)O)(F)F.C(C)C(CNCCN)CCCC,0.404,0.0205,"N'-(2-ethylhexyl)ethane-1,2-diamine;trifluoromethanesulfonicacid"
298,101.325,1291.0,ABjArE,"N-ethyl-N,N-dimethylheptanaminium bis((trifluoromethyl)sulfonyl)amide",FC(S(=O)(=O)[N-]S(=O)(=O)C(F)(F)F)(F)F.C(C)[N+](CCCCCCC)(C)C,0.1677,0.081,bis(trifluoromethylsulfonyl)azanide;ethyl-heptyl-dimethylazanium
303,101.325,1337.0,ABdgOn,"N,N-dimethyl-N-ethyl-N-pentylammonium bis(trifluoromethylsulfonyl)",CCCCC[N+](C)(C)CC.C(F)(F)(F)S(=O)(=O)[N-]S(=O)(=O)C(F)(F)(F),0.0979,0.1779,bis(trifluoromethylsulfonyl)azanide;ethyl-dimethyl-pentylazanium
353,101.325,1516.5,ABUcfX,1-ethylimidazolium bis[(trifluoromethyl)sulfonyl]imide,[N-](S(=O)(=O)C(F)(F)F)S(=O)(=O)C(F)(F)F.C(C)N1C=[NH+]C=C1,0.01115,1.714,bis(trifluoromethylsulfonyl)azanide;1-ethylimidazol-3-ium
278,101.325,1609.2,ABZmkS,1-(2-hydroxyethyl)-pyridinium bis(trifluoromethylsulfonyl)imide,[N-](S(=O)(=O)C(F)(F)F)S(=O)(=O)C(F)(F)F.OCC[N+]1=CC=CC=C1,0.422,0.066,bis(trifluoromethylsulfonyl)azanide;2-pyridin-1-ium-1-ylethanol
283,101.325,1418.07,ABHjjv,1-(methoxymethyl)-1-methylpyrrolidinium bis(fluorosulfonyl)amide,FS(=O)(=O)[N-]S(=O)(=O)F.COC[N+]1(CCCC1)C,0.0463,0.659,bis(fluorosulfonyl)azanide;1-(methoxymethyl)-1-methylpyrrolidin-1-ium
298,101.325,1009.6,AAfAom,triethylammonium acetate,CCN(CC)CC.CC(=O)O,0.0153,0.341,"aceticacid;N,N-diethylethanamine"
353,101.325,1409.3,ABgjCB,"2-(acetyloxy)-N-ethyl-N,N-dimethylethanaminium 1,1,1-trifluoro-N-[(trifluoromethyl)sulfonyl]methanesulfonamide",FC(S(=O)(=O)NS(=O)(=O)C(F)(F)F)(F)F.C(C)(=O)OCC[N+](C)(C)CC,0.02006,0.891,"2-acetyloxyethyl-ethyl-dimethylazanium;1,1,1-trifluoro-N-(trifluoromethylsulfonyl)methanesulfonamide"
283,101.325,1405.0,ABjoGY,"N-ethyl-2-(2-methoxyethoxy)-N,N-dimethylethanaminium bis(trifluoromethylsulfonyl)imide",[N-](S(=O)(=O)C(F)(F)F)S(=O)(=O)C(F)(F)F.C(C)[N+](CCOCCOC)(C)C,0.1275,0.1249,bis(trifluoromethylsulfonyl)azanide;ethyl-[2-(2-methoxyethoxy)ethyl]-dimethylazanium
293,101.325,1159.7,AAmkun,1-butyl-3-methylimidazolium nitrate,CCCCN1C=C[N+](=C1)C.[N+](=O)([O-])[O-],0.223,0.0255,1-butyl-3-methylimidazol-3-ium;nitrate
318,101.325,1127.3,AAlILE,"2-hydroxy-N,N,N-trimethylethanaminium (S)-2-hydroxypropanoate",O[C@H](C(=O)[O-])C.OCC[N+](C)(C)C,0.51,0.0897,2-hydroxyethyl(trimethyl)azanium;(2S)-2-hydroxypropanoate
293,101.325,1522.1,ABavHm,1-(2-hydroxyethyl)-1-methylpyrrolidin-1-ium bis((trifluoromethyl)sulfonyl)amide,FC(S(=O)(=O)[N-]S(=O)(=O)C(F)(F)F)(F)F.OCC[N+]1(CCCC1)C,0.126,0.184,bis(trifluoromethylsulfonyl)azanide;2-(1-methylpyrrolidin-1-ium-1-yl)ethanol
323,101.325,1395.4,ABqQWj,3-(2-(butylamino)-2-oxoethyl)-1-ethyl-1H-imidazolium bis((trifluoromethyl)sulfonyl)amide,FC(S(=O)(=O)[N-]S(=O)(=O)C(F)(F)F)(F)F.C(CCC)NC(C[N+]1=CN(C=C1)CC)=O,0.1389,0.1106,bis(trifluoromethylsulfonyl)azanide;N-butyl-2-(3-ethylimidazol-1-ium-1-yl)acetamide
333,101.325,1331.7,ABkIAl,"1-hexyl-3-methylpyridinium 1,1,1-trifluoro-N-[(trifluoromethyl)sulfonyl]methanesulfonamide",FC(S(=O)(=O)NS(=O)(=O)C(F)(F)F)(F)F.C(CCCCC)[N+]1=CC(=CC=C1)C,0.02131,0.553,"1-hexyl-3-methylpyridin-1-ium;1,1,1-trifluoro-N-(trifluoromethylsulfonyl)methanesulfonamide"
318,101.325,1130.8,ABChNd,1-butyl-3-methylimidazolium phenyltrifluoroborate,C1(=CC=CC=C1)[B-](F)(F)F.C(CCC)N1C=[N+](C=C1)C,0.051,0.439,1-butyl-3-methylimidazol-3-ium;trifluoro(phenyl)boranuide
343,101.325,1150.0,ABIVLW,1-butyl-3-methylimidazolium trifluoro(2-methoxyphenyl)borate,C[N+]1(C=CN(CCCC)C=1).[B-](F)(F)(F)C1C=CC=CC(OC)=1,0.0713,0.313,1-butyl-3-methylimidazol-3-ium;trifluoro-(2-methoxyphenyl)boranuide
318,101.325,1146.4,ABHXjh,1-butyl-3-methyl-1H-imidazol-3-ium (4-cyanophenyl)trifluoroborate,C(#N)C1=CC=C(C=C1)[B-](F)(F)F.C(CCC)N1C=[N+](C=C1)C,0.082,0.26,1-butyl-3-methylimidazol-3-ium;(4-cyanophenyl)-trifluoroboranuide
308,101.325,1161.9,ABIVUm,1-butyl-3-methyl-1H-imidazol-3-ium trifluoro(4-methoxyphenyl)borate,C[N+]1(C=CN(CCCC)C=1).[B-](F)(F)(F)C1=CC=C(OC)C=C1,0.174,0.1,1-butyl-3-methylimidazol-3-ium;trifluoro-(4-methoxyphenyl)boranuide
318,101.325,1185.7,ABGFrV,1-butyl-3-methyl-1H-imidazol-3-ium trifluoro(2-fluorophenyl)borate,C[N+]1(C=CN(CCCC)C=1).[B-](F)(F)(F)C1=CC=CC=C1(F),0.082,0.364,1-butyl-3-methylimidazol-3-ium;trifluoro-(2-fluorophenyl)boranuide
323,101.325,1148.2,ABIVYe,1-butyl-3-methyl-1H-imidazol-3-ium trifluoro(3-methoxyphenyl)borate,C[N+]1(C=CN(CCCC)C=1).[B-](F)(F)(F)C1C=CC=C(OC)C=1,0.0723,0.325,1-butyl-3-methylimidazol-3-ium;trifluoro-(3-methoxyphenyl)boranuide
308,101.325,1413.0,ABenfm,1-pentylpyridinium bis(trifluoromethylsulfonyl)amide,FC(S(=O)(=O)[N-]S(=O)(=O)C(F)(F)F)(F)F.C(CCCC)[N+]1=CC=CC=C1,0.0456,0.336,bis(trifluoromethylsulfonyl)azanide;1-pentylpyridin-1-ium
308,101.325,1483.0,ABZTFs,1-ethyl-4-methylpyridinium bis((trifluoromethyl)sulfonyl)amide,FC(S(=O)(=O)[N-]S(=O)(=O)C(F)(F)F)(F)F.C(C)[N+]1=CC=C(C=C1)C,0.0231,1.05,bis(trifluoromethylsulfonyl)azanide;1-ethyl-4-methylpyridin-1-ium
343,101.325,1221.2,AAqmPK,"1-ethyl-2,3-dimethylimidazolium hydrogen sulfate",S(=O)(=O)(O)[O-].C(C)N1C(=[N+](C=C1)C)C,0.01257,0.925,"1-ethyl-2,3-dimethylimidazol-3-ium;hydrogensulfate"
323,101.325,1148.0,AAjqNh,1-metyl-3-propylimidazolium hydrogen carbonate,CCCN1C=[N+](C)C=C1.OC(=O)[O-],0.01318,0.908,hydrogencarbonate;1-methyl-3-propylimidazol-1-ium
343,101.325,1125.5,AAmaOX,1-butyl-3-methylimidazolium hydrogen carbonate,C(O)([O-])=O.C(CCC)N1C=[N+](C=C1)C,0.01004,0.963,1-butyl-3-methylimidazol-3-ium;hydrogencarbonate
338,101.325,1167.2,AAqlMK,1-methyl-3-propylimidazolium dihydrogen phosphate,P(=O)(O)(O)[O-].CN1C=[N+](C=C1)CCC,0.01143,1.412,dihydrogenphosphate;1-methyl-3-propylimidazol-3-ium
303,101.325,1173.2,AAtWiP,1-butyl-3-methylimidazolium dihydrogen phosphate,CCCCN1C=C[N+](=C1)C.OP(=O)(O)[O-],0.1011,0.483,1-butyl-3-methylimidazol-3-ium;dihydrogenphosphate
303,101.325,1138.3,AApKjz,3-methyl-1-pentylimidazolium hydrogen carbonate,C(O)([O-])=O.C[N+]1=CN(C=C1)CCCCC,0.0851,0.305,hydrogencarbonate;1-methyl-3-pentylimidazol-1-ium
303,101.325,1229.2,AAtWcS,"2,3-dimethyl-1-propylimidazolium hydrogen sulfate",S(=O)(=O)(O)[O-].CC=1N(C=C[N+]1C)CCC,0.194,0.162,"1,2-dimethyl-3-propylimidazol-1-ium;hydrogensulfate"
343,101.325,1181.0,AAwHAP,"1-butyl-2,3-dimethylimidazolium hydrogen sulfate",S(=O)(=O)(O)[O-].C(CCC)N1C(=[N+](C=C1)C)C,0.0381,0.739,"1-butyl-2,3-dimethylimidazol-3-ium;hydrogensulfate"
338,101.325,1165.2,AAyrFF,"2,3-dimethyl-1-pentylimidazolium hydrogen sulfate",S(=O)(=O)(O)[O-].CC=1N(C=C[N+]1C)CCCCC,0.0738,0.573,"1,2-dimethyl-3-pentylimidazol-1-ium;hydrogensulfate"
313,101.325,1132.5,AAwGbS,1-methyl-3-pentylimidazolium dihydrogen phosphate,P(=O)(O)(O)[O-].CN1C=[N+](C=C1)CCCCC,0.1033,0.398,dihydrogenphosphate;1-methyl-3-pentylimidazol-3-ium
353,101.325,1114.8,AAiOVY,"2-hydroxy-N,N,N-trimethylethanaminium glycinate",NCC(=O)[O-].OCC[N+](C)(C)C,0.0035,0.1499,2-aminoacetate;2-hydroxyethyl(trimethyl)azanium
298,101.325,1112.9,AAkywN,"2-hydroxy-N,N,N-trimethylethanaminium L-alaninate",N[C@@H](C)C(=O)[O-].OCC[N+](C)(C)C,0.715,0.00213,(2S)-2-aminopropanoate;2-hydroxyethyl(trimethyl)azanium
318,101.325,1109.0,AAkyBE,"2-hydroxy-N,N,N-trimethylethanaminium .beta.-alaninate",NCCC(=O)[O-].OCC[N+](C)(C)C,0.723,0.00907,3-aminopropanoate;2-hydroxyethyl(trimethyl)azanium
318,101.325,1179.9,AAoCGo,"2-hydroxy-N,N,N-trimethylethanaminium L-serinate",N[C@@H](CO)C(=O)[O-].OCC[N+](C)(C)C,1.306,0.00553,(2S)-2-amino-3-hydroxypropanoate;2-hydroxyethyl(trimethyl)azanium
323,101.325,1106.7,AApyew,"2-hydroxy-N,N,N-trimethylethanaminium L-prolinate",N1[C@@H](CCC1)C(=O)[O-].OCC[N+](C)(C)C,0.464,0.00204,2-hydroxyethyl(trimethyl)azanium;(2S)-pyrrolidine-2-carboxylate
323,101.325,1219.7,AAkJQt,"4-methyl-1-propyl-1,2,4-triazolium nitrate",[N+](=O)([O-])[O-].CN1C=N[N+](=C1)CCC,0.0571,0.472,"4-methyl-1-propyl-1,2,4-triazol-1-ium;nitrate"
323,101.325,1488.4,ABaHdR,"4-methyl-1-propyl-1H-1,2,4-triazol-4-ium bis((trifluoromethyl)sulfonyl)amide",FC(S(=O)(=O)[N-]S(=O)(=O)C(F)(F)F)(F)F.C[N+]=1C=NN(C1)CCC,0.0282,0.506,"bis(trifluoromethylsulfonyl)azanide;4-methyl-1-propyl-1,2,4-triazol-4-ium"
338,101.325,1195.9,ABFJYr,"4-methyl-1-propyl-1,2,4-triazolium tosylate",S(=O)(=O)([O-])C1=CC=C(C)C=C1.CN1C=N[N+](=C1)CCC,0.1688,0.0961,"4-methylbenzenesulfonate;4-methyl-1-propyl-1,2,4-triazol-1-ium"
323,101.325,1377.0,ABiLaO,"1-hexyl-4-methyl-1H-1,2,4-triazol-4-ium bis((trifluoromethyl)sulfonyl)amide",FC(S(=O)(=O)[N-]S(=O)(=O)C(F)(F)F)(F)F.C(CCCCC)N1N=C[N+](=C1)C,0.0362,0.219,"bis(trifluoromethylsulfonyl)azanide;1-hexyl-4-methyl-1,2,4-triazol-4-ium"
348,101.325,1430.0,ABcrsL,"1-butyl-4-methyl-1H-1,2,4-triazol-4-ium bis((trifluoromethyl)sulfonyl)amide",FC(S(=O)(=O)[N-]S(=O)(=O)C(F)(F)F)(F)F.C(CCC)N1N=C[N+](=C1)C,0.0142,0.741,"bis(trifluoromethylsulfonyl)azanide;1-butyl-4-methyl-1,2,4-triazol-4-ium"
323,101.325,1278.0,ABtBrm,"1-decyl-4-methyl-1H-1,2,4-triazol-4-ium bis((trifluoromethyl)sulfonyl)amide",FC(S(=O)(=O)[N-]S(=O)(=O)C(F)(F)F)(F)F.C(CCCCCCCCC)N1N=C[N+](=C1)C,0.0575,0.106,"bis(trifluoromethylsulfonyl)azanide;1-decyl-4-methyl-1,2,4-triazol-4-ium"
313,101.325,1248.0,AByVEJ,"1-dodecyl-4-methyl-1H-1,2,4-triazol-4-ium bis((trifluoromethyl)sulfonyl)amide",FC(S(=O)(=O)[N-]S(=O)(=O)C(F)(F)F)(F)F.C(CCCCCCCCCCC)N1N=C[N+](=C1)C,0.1252,0.0521,"bis(trifluoromethylsulfonyl)azanide;1-dodecyl-4-methyl-1,2,4-triazol-4-ium"
348,101.325,1509.0,ABXWDH,"1-ethyl-4-methyl-1H-1,2,4-triazol-4-ium bis((trifluoromethyl)sulfonyl)amide",FC(S(=O)(=O)[N-]S(=O)(=O)C(F)(F)F)(F)F.C(C)N1N=C[N+](=C1)C,0.0112,1.46,"bis(trifluoromethylsulfonyl)azanide;1-ethyl-4-methyl-1,2,4-triazol-4-ium"
323,101.325,1169.2,ABGFdt,1-butyl-3-methyl-1H-imidazol-3-ium trifluoro(3-fluorophenyl)borate,C[N+]1(C=CN(CCCC)C=1).FC1=CC([B-](F)(F)(F))=CC=C1,0.0301,0.603,1-butyl-3-methylimidazol-3-ium;trifluoro-(3-fluorophenyl)boranuide
303,101.325,1189.0,AAxMij,1-ethyl-3-methylimidazolium phenyltrifluoroborate,C1(=CC=CC=C1)[B-](F)(F)F.C(C)N1C=[N+](C=C1)C,0.0482,0.668,1-ethyl-3-methylimidazol-3-ium;trifluoro(phenyl)boranuide
303,101.325,1025.0,ABOVjb,tributylmethylammonium phenyltrifluoroborate,C1(=CC=CC=C1)[B-](F)(F)F.C(CCC)[N+](C)(CCCC)CCCC,1.2039,0.011,tributyl(methyl)azanium;trifluoro(phenyl)boranuide
323,101.325,1135.0,ABCDFa,1-butylpyridinium phenyltrifluoroborate,C1(=CC=CC=C1)[B-](F)(F)F.C(CCC)[N+]1=CC=CC=C1,0.0389,0.487,1-butylpyridin-1-ium;trifluoro(phenyl)boranuide
348,101.325,1078.0,ABFwbg,1-butyl-1-methylpiperidinium phenyltrifluoroborate,C1(=CC=CC=C1)[B-](F)(F)F.C(CCC)[N+]1(CCCCC1)C,0.051,0.416,1-butyl-1-methylpiperidin-1-ium;trifluoro(phenyl)boranuide
338,101.325,1163.3,ABGFdV,1-butyl-3-methyl-1H-imidazol-3-ium trifluoro(4-fluorophenyl)borate,C[N+]1(C=CN(CCCC)C=1).FC1=CC=C([B-](F)(F)(F))C=C1,0.02008,0.768,1-butyl-3-methylimidazol-3-ium;trifluoro-(4-fluorophenyl)boranuide
318,101.325,1144.1,ABHXjw,1-butyl-3-methyl-1H-imidazol-3-ium (3-cyanophenyl)trifluoroborate,C(#N)C=1C=C(C=CC1)[B-](F)(F)F.C(CCC)N1C=[N+](C=C1)C,0.082,0.2,1-butyl-3-methylimidazol-3-ium;(3-cyanophenyl)-trifluoroboranuide
308,101.325,1236.0,ABPlRu,1-butyl-3-methyl-1H-imidazol-3-ium trifluoro(4-(trifluoromethyl)phenyl)borate,C[N+]1(C=CN(CCCC)C=1).C(F)(F)(F)C1=CC=C([B-](F)(F)(F))C=C1,0.082,0.16,1-butyl-3-methylimidazol-3-ium;trifluoro-[4-(trifluoromethyl)phenyl]boranuide
313,101.325,1105.0,ABDLdK,1-butyl-1-methylpyrrolidinium phenyltrifluoroborate,C1(=CC=CC=C1)[B-](F)(F)F.C(CCC)[N+]1(CCCC1)C,0.1027,0.251,1-butyl-1-methylpyrrolidin-1-ium;trifluoro(phenyl)boranuide
333,101.325,1214.9,ABPlcc,1-butyl-3-methyl-1H-imidazol-3-ium trifluoro(3-(trifluoromethyl)phenyl)borate,C[N+]1(C=CN(CCCC)C=1).C(F)(F)(F)C1=CC([B-](F)(F)(F))=CC=C1,0.0318,0.686,1-butyl-3-methylimidazol-3-ium;trifluoro-[3-(trifluoromethyl)phenyl]boranuide
338,101.325,1341.4,ABdqRq,N-(2-aminoethyl)hexan-1-aminium bis((trifluoromethyl)sulfonyl)amide,FC(S(=O)(=O)[N-]S(=O)(=O)C(F)(F)F)(F)F.NCC[NH2+]CCCCCC,0.0365,0.203,2-aminoethyl(hexyl)azanium;bis(trifluoromethylsulfonyl)azanide
333,101.325,1311.0,ABngDo,"4-methyl-1-octyl-1H-1,2,4-triazol-4-ium bis((trifluoromethyl)sulfonyl)amide",FC(S(=O)(=O)[N-]S(=O)(=O)C(F)(F)F)(F)F.C[N+]=1C=NN(C1)CCCCCCCC,0.0318,0.211,"bis(trifluoromethylsulfonyl)azanide;4-methyl-1-octyl-1,2,4-triazol-4-ium"
313,101.325,1410.3,ABXrga,"N-ethyl-N,N-dimethylprop-2-en-1-aminium bis((trifluoromethyl)sulfonyl)amide",FC(S(=O)(=O)[N-]S(=O)(=O)C(F)(F)F)(F)F.C(C)[N+](CC=C)(C)C,0.03236,0.601,bis(trifluoromethylsulfonyl)azanide;ethyl-dimethyl-prop-2-enylazanium
343,101.325,1187.8,AArkJG,"N-ethyl-N,N-dimethylprop-2-en-1-aminium trifluoroacetate",FC(C(=O)[O-])(F)F.C(C)[N+](CC=C)(C)C,0.0142,1.655,"ethyl-dimethyl-prop-2-enylazanium;2,2,2-trifluoroacetate"
308,101.325,1003.8,AAiiOS,"N-ethyl-N,N-dimethylprop-2-en-1-aminium dicyanamide",[N-](C#N)C#N.C(C)[N+](CC=C)(C)C,0.01486,2.5,dicyanoazanide;ethyl-dimethyl-prop-2-enylazanium
353,101.325,1217.8,AAygFD,"N-ethyl-N,N-dimethylprop-2-en-1-aminium trifluoromethanesulfonate",FC(S(=O)(=O)[O-])(F)F.C(C)[N+](CC=C)(C)C,0.01653,1.512,ethyl-dimethyl-prop-2-enylazanium;trifluoromethanesulfonate
298,101.325,1291.0,ABoBSB,1-methyl-1-octylpyrrolidinium bis(trifluoromethylsulfonyl)amide,FC(S(=O)(=O)[N-]S(=O)(=O)C(F)(F)F)(F)F.C[N+]1(CCCC1)CCCCCCCC,0.1382,0.081,bis(trifluoromethylsulfonyl)azanide;1-methyl-1-octylpyrrolidin-1-ium
318,101.325,1286.0,AAjxuW,1-methylpiperidinium tetrafluoroborate,[B-](F)(F)(F)F.C[NH+]1CCCCC1,0.0734,0.00122,1-methylpiperidin-1-ium;tetrafluoroborate
313,101.325,1244.0,AAnBMG,4-ethyl-4-morpholinium tetrafluoroborate,F[B-](F)(F)F.C(C)[NH+]1CCOCC1,0.1383,0.000507,4-ethylmorpholin-4-ium;tetrafluoroborate
313,101.325,1319.0,AAjxvc,N-methylpyrrolidone tetrafluoroborate,F[B-](F)(F)F.CN1C(CCC1)=O,0.0812,0.00032,1-methylpyrrolidin-2-one;tetrafluoroborate
303,101.325,1080.98,AAjMRY,1-propyl-3-methylimidazolium thiocyanate,CCCN1C=C[N+](=C1)C.C(#N)[S-],0.02858,0.84,1-methyl-3-propylimidazol-1-ium;thiocyanate
323,101.325,1048.95,AAohsn,1-pentyl-3-methylimidazolium thiocyanate,[S-]C#N.C(CCCC)N1C=[N+](C=C1)C,0.03084,0.779,1-methyl-3-pentylimidazol-1-ium;thiocyanate
298,101.325,1355.7,AAvwMI,1-butylpyridinium trifluoroacetate,CCCC[N+]1=CC=CC=C1.C(=O)(C(F)(F)F)[O-],0.0886,0.26,"1-butylpyridin-1-ium;2,2,2-trifluoroacetate"
298,101.325,1235.7,AAonIx,1-propyl-3-methylimidazolium tetrafluoroborate,[B-](F)(F)(F)F.CCCN1C=C[N+](=C1)C,0.074,0.59,1-methyl-3-propylimidazol-1-ium;tetrafluoroborate
318,101.325,974.6,AAWvrQ,propylammonium acetate,C(C)(=O)[O-].C(CC)[NH3+],0.1677,0.17,propylazanium;acetate
313,101.325,985.4,AAULfb,propylammonium formate,C(=O)[O-].C(CC)[NH3+],0.044,0.59,propylazanium;formate
303,101.325,1341.4,AAnYjs,1-methylpyridinium methylsulfate,COS(=O)(=O)[O-].C[N+]1=CC=CC=C1,0.091,0.45,1-methylpyridin-1-ium;methylsulfate
293,101.325,1065.2,AArQHq,N-(2-hydroxyethyl)benzenaminium butyrate,C(CCC)(=O)[O-].OCC[NH2+]C1=CC=CC=C1,0.0328,0.000401,butanoate;2-hydroxyethyl(phenyl)azanium
293,101.325,1408.0,ABfRtu,1-butyl-3-ethylimidazolium bis[(trifluoromethyl)sulfonyl]imide,[N-](S(=O)(=O)C(F)(F)F)S(=O)(=O)C(F)(F)F.C(CCC)N1C=[N+](C=C1)CC,0.0547,0.41,bis(trifluoromethylsulfonyl)azanide;1-butyl-3-ethylimidazol-3-ium
333,101.325,1005.8,AAwlkd,N-(2-hydroxyethyl)benzenaminium hexanoate,C(CCCCC)(=O)[O-].OCC[NH2+]C1=CC=CC=C1,0.0066,0.002074,hexanoate;2-hydroxyethyl(phenyl)azanium
313,101.325,1027.0,AAuBND,N-(2-hydroxyethyl)benzenaminium pentanoate,C(CCCC)(=O)[O-].OCC[NH2+]C1=CC=CC=C1,0.0145,0.000956,2-hydroxyethyl(phenyl)azanium;pentanoate
298,101.325,886.5,ABZlMF,"N-methyl-N,N-dioctyl-1-octanaminium chloride",CCCCCCCC[N+](C)(CCCCCCCC)CCCCCCCC.[Cl-],2.391,0.0026,methyl(trioctyl)azanium;chloride
313,101.325,1059.7,AAogDH,N-(2-hydroxyethyl)benzenaminium propionate,C(CC)(=O)[O-].OCC[NH2+]C1=CC=CC=C1,0.0103,0.000438,2-hydroxyethyl(phenyl)azanium;propanoate
303,101.325,1209.3,AAwaCc,1-butyl-3-methylimidazolium trifluoroacetate,CCCCN1C=C[N+](=C1)C.C(=O)(C(F)(F)F)[O-],0.0423,0.547,"1-butyl-3-methylimidazol-3-ium;2,2,2-trifluoroacetate"
309,101.325,1437.0,ABiBRY,1-allyl-3-(2-methoxyethyl)-1H-imidazol-3-ium bis((trifluoromethyl)sulfonyl)amide,FC(S(=O)(=O)[N-]S(=O)(=O)C(F)(F)F)(F)F.C(C=C)N1C=[N+](C=C1)CCOC,0.0237,0.546,bis(trifluoromethylsulfonyl)azanide;1-(2-methoxyethyl)-3-prop-2-enylimidazol-1-ium
323,101.325,1095.5,AApAfQ,1-butyl-3-methylimidazolium glycinate,NCC(=O)[O-].C(CCC)N1C=[N+](C=C1)C,0.217,0.0403,2-aminoacetate;1-butyl-3-methylimidazol-3-ium
338,101.325,1091.5,ABDDcr,N-octylethylenediammonium trifluoroacetate,FC(C(=O)[O-])(F)F.C(CCCCCCC)[NH2+]CC[NH3+].FC(C(=O)[O-])(F)F,0.0425,0.128,"2-azaniumylethyl(octyl)azanium;2,2,2-trifluoroacetate"
308,101.325,1374.0,ABbjbS,"1,1,3,3-tetramethyl-4-butylguanidinium bromotrichloroferrate(III)",CCCC[NH+]=C(N(C)(C))N(C)C.[Fe-](Br)(Cl)(Cl)(Cl),0.0672,0.1149,bis(dimethylamino)methylidene-butylazanium;bromo(trichloro)iron(1-)
318,101.325,1472.0,ABZTca,1-propylpyridinium bis((trifluoromethyl)sulfonyl)amide,FC(S(=O)(=O)[N-]S(=O)(=O)C(F)(F)F)(F)F.C(CC)[N+]1=CC=CC=C1,0.0233,0.83,bis(trifluoromethylsulfonyl)azanide;1-propylpyridin-1-ium
313,101.325,1429.0,ABWPJz,"1,1,3,3-tetramethyl-4-ethylguanidinium bromotrichloroferrate(III)",CC[NH+]=C(N(C)(C))N(C)C.[Fe-](Br)(Cl)(Cl)(Cl),0.02989,0.1618,bis(dimethylamino)methylidene-ethylazanium;bromo(trichloro)iron(1-)
313,101.325,1281.0,ABmZNI,"1,1,3,3-tetramethyl-4-octylguanidinium bromotrichloroferrate(III)",CCCCCCCC[NH+]=C(N(C)(C))N(C)C.[Fe-](Br)(Cl)(Cl)(Cl),0.0693,0.0769,bis(dimethylamino)methylidene-octylazanium;bromo(trichloro)iron(1-)
278,101.325,1556.0,ACgpEt,1-butyl-3-methylimidazolium tetrathiocyanatomercurate(II),C[N+]1C=CN(CCCC)C=1.[Hg-2](SC#N)(SC#N)(SC#N)(SC#N),0.314,0.1389,1-butyl-3-methylimidazol-3-ium;tetrathiocyanatomercury(2-)
368,101.325,1166.8,ACGpZk,1-butyl-3-methylimidazolium tetrathiocyanatozincate(II),C[N+]1C=CN(CCCC)C=1.[Zn-2](SC#N)(SC#N)(SC#N)(SC#N),0.01157,2.47,1-butyl-3-methylimidazol-3-ium;tetrathiocyanatozinc(2-)
313,101.325,1325.0,ABhEok,"1,1,3,3-tetramethyl-4-hexylguanidinium bromotrichloroferrate(III)",CCCCCC[NH+]=C(N(C)(C))N(C)C.[Fe-](Br)(Cl)(Cl)(Cl),0.06063,0.09,bis(dimethylamino)methylidene-hexylazanium;bromo(trichloro)iron(1-)
308,101.325,1169.5,ACwbdF,1-butyl-3-methylimidazolium hexathiocyanatoaluminate(III),C[N+]1C=CN(CCCC)C=1.[Al-3](SC#N)(SC#N)(SC#N)(SC#N)(SC#N)(SC#N),2.166,0.0421,1-butyl-3-methylimidazol-3-ium;hexathiocyanatoaluminum(2-)
358,101.325,1134.9,AAtDFv,1-butyl-3-methylimidazolium methanesulfonate,CCCCN1C=C[N+](=C1)C.CS(=O)(=O)[O-],0.0259,0.81,1-butyl-3-methylimidazol-3-ium;methanesulfonate
343,101.325,853.7,ACQeIP,trihexyl(tetradecyl)phosphonium octanoate,C(CCCCCCC)(=O)[O-].C(CCCCC)[P+](CCCCCCCCCCCCCC)(CCCCCC)CCCCCC,0.0527,0.01977,octanoate;trihexyl(tetradecyl)phosphanium
343,101.325,857.5,ACLKlW,trihexyl(tetradecyl)phosphonium hexanoate,C(CCCCC)(=O)[O-].C(CCCCC)[P+](CCCCCCCCCCCCCC)(CCCCCC)CCCCCC,0.0465,0.026,hexanoate;trihexyl(tetradecyl)phosphanium
318,101.325,961.2,AAWvgs,butylammonium formate,C(=O)[O-].C(CCC)[NH3+],0.0456,0.588,butylazanium;formate
298,101.325,956.0,AAZfoa,butylammonium acetate,CCCCN.CC(=O)O,0.546,0.065,aceticacid;butan-1-amine
298,101.325,1192.0,AAyhhN,1-butyl-3-methylimidazolium taurate,NCCS(=O)(=O)[O-].C(CCC)N1C=[N+](C=C1)C,1.1692,0.0161,2-aminoethanesulfonate;1-butyl-3-methylimidazol-3-ium
298,101.325,1357.9,ABdgwa,"N,N-diethyl-N-methylbutan-1-aminium bis((trifluoromethyl)sulfonyl)amide",FC(S(=O)(=O)[N-]S(=O)(=O)C(F)(F)F)(F)F.C(C)[N+](CCCC)(C)CC,0.114,0.16,bis(trifluoromethylsulfonyl)azanide;butyl-diethyl-methylazanium
328,101.325,1607.5,ABRsyk,1-methylimidazolium bis(trifluoromethylsulfonyl)imide,C[N+]1=CNC=C1.C(F)(F)(F)S(=O)(=O)[N-]S(=O)(=O)C(F)(F)F,0.0334,1.27,bis(trifluoromethylsulfonyl)azanide;3-methyl-1H-imidazol-3-ium
323,101.325,1165.7,AAsEnA,1-methyl-3-propylimidazolium L-serinate,N[C@@H](CO)C(=O)[O-].CN1C=[N+](C=C1)CCC,0.408,0.116,(2S)-2-amino-3-hydroxypropanoate;1-methyl-3-propylimidazol-3-ium
318,101.325,1143.3,AAupnI,1-butyl-3-methylimidazolium L-serinate,N[C@@H](CO)C(=O)[O-].C(CCC)N1C=[N+](C=C1)C,1.05,0.0218,(2S)-2-amino-3-hydroxypropanoate;1-butyl-3-methylimidazol-3-ium
298,101.325,992.5,ABTrVK,tetrabutylphosphonium L-prolinate,N1[C@@H](CCC1)C(=O)[O-].C(CCC)[P+](CCCC)(CCCC)CCCC,1.025,0.0073,(2S)-pyrrolidine-2-carboxylate;tetrabutylphosphanium
328,101.325,1287.3,ABAmED,N-butylimidazolium trifluoromethanesulfonate,FC(S(=O)(=O)[O-])(F)F.C(CCC)N1C=[NH+]C=C1,0.0349,0.45,1-butylimidazol-3-ium;trifluoromethanesulfonate
293,101.325,1462.8,ABfluQ,1-(2-ethoxyethyl)-3-methylimidazolium bis((trifluoromethyl)sulfonyl)amide,FC(S(=O)(=O)[N-]S(=O)(=O)C(F)(F)F)(F)F.C(C)OCCN1C=[N+](C=C1)C,0.0583,0.353,bis(trifluoromethylsulfonyl)azanide;1-(2-ethoxyethyl)-3-methylimidazol-3-ium
343,101.325,1377.6,ABiVVO,1-methyl-3-(2-propoxyethyl)imidazolium bis((trifluoromethyl)sulfonyl)amide,FC(S(=O)(=O)[N-]S(=O)(=O)C(F)(F)F)(F)F.CN1C=[N+](C=C1)CCOCCC,0.0106,0.69,bis(trifluoromethylsulfonyl)azanide;1-methyl-3-(2-propoxyethyl)imidazol-3-ium
283,101.325,1483.1,ABflCn,3-(3-methoxypropyl)-1-methylimidazolium bis((trifluoromethyl)sulfonyl)amide,FC(S(=O)(=O)[N-]S(=O)(=O)C(F)(F)F)(F)F.COCCC[N+]1=CN(C=C1)C,0.1217,0.226,bis(trifluoromethylsulfonyl)azanide;1-(3-methoxypropyl)-3-methylimidazol-1-ium
313,101.325,1490.2,ABdBOa,1-(2-methoxyethyl)-3-methyl-1H-imidazolium bis((trifluoromethyl)sulfonyl)amide,FC(S(=O)(=O)[N-]S(=O)(=O)C(F)(F)F)(F)F.COCCN1C=[N+](C=C1)C,0.0256,0.632,bis(trifluoromethylsulfonyl)azanide;1-(2-methoxyethyl)-3-methylimidazol-3-ium
323,101.325,1476.2,ABdBbm,3-(ethoxymethyl)-1-methylimidazolium bis((trifluoromethyl)sulfonyl)amide,FC(S(=O)(=O)[N-]S(=O)(=O)C(F)(F)F)(F)F.C(C)OC[N+]1=CN(C=C1)C,0.0212,0.651,bis(trifluoromethylsulfonyl)azanide;1-(ethoxymethyl)-3-methylimidazol-1-ium
313,101.325,1496.7,ABcXIT,1-(ethoxymethyl)pyridinium bis((trifluoromethyl)sulfonyl)amide,FC(S(=O)(=O)[N-]S(=O)(=O)C(F)(F)F)(F)F.C(C)OC[N+]1=CC=CC=C1,0.0262,0.575,bis(trifluoromethylsulfonyl)azanide;1-(ethoxymethyl)pyridin-1-ium
323,101.325,1541.8,ABZmIc,1-(methoxymethyl)pyridinium bis((trifluoromethyl)sulfonyl)amide,FC(S(=O)(=O)[N-]S(=O)(=O)C(F)(F)F)(F)F.COC[N+]1=CC=CC=C1,0.0215,0.76,bis(trifluoromethylsulfonyl)azanide;1-(methoxymethyl)pyridin-1-ium
323,101.325,1356.2,ABjAax,1-methyl-1-(2-propoxyethyl)pyrrolidinium bis((trifluoromethyl)sulfonyl)amide,FC(S(=O)(=O)[N-]S(=O)(=O)C(F)(F)F)(F)F.C[N+]1(CCCC1)CCOCCC,0.0266,0.42,bis(trifluoromethylsulfonyl)azanide;1-methyl-1-(2-propoxyethyl)pyrrolidin-1-ium
313,101.325,1536.2,ABaRhc,1-(methoxymethyl)-3-methylimidazolium bis((trifluoromethyl)sulfonyl)amide,FC(S(=O)(=O)[N-]S(=O)(=O)C(F)(F)F)(F)F.COCN1C=[N+](C=C1)C,0.0303,0.631,bis(trifluoromethylsulfonyl)azanide;1-(methoxymethyl)-3-methylimidazol-3-ium
283,101.325,1481.0,ABfHIc,1-(2-ethoxyethyl)pyridinium bis((trifluoromethyl)sulfonyl)amide,FC(S(=O)(=O)[N-]S(=O)(=O)C(F)(F)F)(F)F.C(C)OCC[N+]1=CC=CC=C1,0.1152,0.207,bis(trifluoromethylsulfonyl)azanide;1-(2-ethoxyethyl)pyridin-1-ium
323,101.325,1402.0,ABgQik,1-(3-methoxypropyl)-1-methylpyrrolidinium bis((trifluoromethyl)sulfonyl)amide,FC(S(=O)(=O)[N-]S(=O)(=O)C(F)(F)F)(F)F.COCCC[N+]1(CCCC1)C,0.0287,0.451,bis(trifluoromethylsulfonyl)azanide;1-(3-methoxypropyl)-1-methylpyrrolidin-1-ium
283,101.325,1493.1,ABfHeH,1-(3-methoxypropyl)pyridinium bis((trifluoromethyl)sulfonyl)amide,FC(S(=O)(=O)[N-]S(=O)(=O)C(F)(F)F)(F)F.COCCC[N+]1=CC=CC=C1,0.1425,0.2,bis(trifluoromethylsulfonyl)azanide;1-(3-methoxypropyl)pyridin-1-ium
333,101.325,1406.1,ABdfbv,1-(ethoxymethyl)-1-methylpyrrolidinium bis((trifluoromethyl)sulfonyl)amide,FC(S(=O)(=O)[N-]S(=O)(=O)C(F)(F)F)(F)F.C(C)OC[N+]1(CCCC1)C,0.0127,0.828,bis(trifluoromethylsulfonyl)azanide;1-(ethoxymethyl)-1-methylpyrrolidin-1-ium
313,101.325,1416.2,ABhrWa,1-(2-propoxyethyl)pyridinium bis((trifluoromethyl)sulfonyl)amide,FC(S(=O)(=O)[N-]S(=O)(=O)C(F)(F)F)(F)F.C(CC)OCC[N+]1=CC=CC=C1,0.0328,0.381,bis(trifluoromethylsulfonyl)azanide;1-(2-propoxyethyl)pyridin-1-ium
313,101.325,1397.3,ABgQRz,1-(2-ethoxyethyl)-1-methylpyrrolidinium bis((trifluoromethyl)sulfonyl)amide,FC(S(=O)(=O)[N-]S(=O)(=O)C(F)(F)F)(F)F.C(C)OCC[N+]1(CCCC1)C,0.0272,0.454,bis(trifluoromethylsulfonyl)azanide;1-(2-ethoxyethyl)-1-methylpyrrolidin-1-ium
303,101.325,1032.25,AAoqvQ,3-butyl-1-methyl-1H-imidazolium propanoate,C(CC)(=O)[O-].C(CCC)[N+]1=CN(C=C1)C,0.326,0.07028,1-butyl-3-methylimidazol-1-ium;propanoate
323,101.325,1434.8,ABnLgy,3-(2-cyanoethyl)-1-(2-ethoxyethyl)imidazolium bis(trifluoromethanesulfonyl)amide,FC(S(=O)(=O)[N-]S(=O)(=O)C(F)(F)F)(F)F.C(#N)CC[N+]1=CN(C=C1)CCOCC,0.06937,0.14,bis(trifluoromethylsulfonyl)azanide;3-[3-(2-ethoxyethyl)imidazol-1-ium-1-yl]propanenitrile
323,101.325,1205.5,AAZppF,pyrrolidinium nitrate,C1CC[NH2+]C1.[N+](=O)([O-])[O-],0.017,7.17,pyrrolidin-1-ium;nitrate
303,101.325,1161.2,ACHPCX,"N,N,N-triethyltetradecan-1-aminium bis((trifluoromethyl)sulfonyl)amide",FC(S(=O)(=O)[N-]S(=O)(=O)C(F)(F)F)(F)F.C(C)[N+](CCCCCCCCCCCCCC)(CC)CC,0.294,0.021,bis(trifluoromethylsulfonyl)azanide;triethyl(tetradecyl)azanium
313,101.325,1259.0,ABoVuq,triethylheptylammonium bis[(trifluoromethyl)sulfonyl]imide,[N-](S(=O)(=O)C(F)(F)F)S(=O)(=O)C(F)(F)F.C(C)[N+](CCCCCCC)(CC)CC,0.0904,0.184,bis(trifluoromethylsulfonyl)azanide;triethyl(heptyl)azanium
318,101.325,1601.3,ACrVun,"3,3'-(propane-1,3-diyl)bis(1-methyl-1H-imidazol-3-ium) bis((trifluoromethyl)sulfonyl)amide",FC(S(=O)(=O)[N-]S(=O)(=O)C(F)(F)F)(F)F.C(CC[N+]1=CN(C=C1)C)[N+]1=CN(C=C1)C.FC(F)(F)S(=O)(=O)[N-]S(=O)(=O)C(F)(F)F,0.30289,0.167,bis(trifluoromethylsulfonyl)azanide;1-methyl-3-[3-(3-methylimidazol-1-ium-1-yl)propyl]imidazol-3-ium
333,101.325,1539.8,ACwqCv,"3,3'-(1,5-pentanediyl)bis[1-methylimidazolium] 1,1,1-trifluoro-N-[(trifluoromethyl)sulfonyl]methanesulfonamide",FC(S(=O)(=O)NS(=O)(=O)C(F)(F)F)(F)F.C(CCCC[N+]1=CN(C=C1)C)[N+]1=CN(C=C1)C,0.11081,0.304,"1-methyl-3-[5-(3-methylimidazol-1-ium-1-yl)pentyl]imidazol-3-ium;1,1,1-trifluoro-N-(trifluoromethylsulfonyl)methanesulfonamide"
323,101.325,1251.0,AByVmK,tris(diethylamino)cyclopropenium bis(trifluoromethansulfonyl)amide,C1(N(CC)(CC))=C(N(CC)(CC))C1(=[N+](CC)(CC)).C(F)(F)(F)S(=O)(=O)[N-]S(=O)(=O)C(F)(F)(F),0.0275,0.3681,"[2,3-bis(diethylamino)cycloprop-2-en-1-ylidene]-diethylazanium;bis(trifluoromethylsulfonyl)azanide"
288,101.325,1520.5,ABLbLR,3-(3-cyanopropyl)-1-methylimidazolium bis(fluorosulfonyl)amide,FS(=O)(=O)[N-]S(=O)(=O)F.C(#N)CCC[N+]1=CN(C=C1)C,0.401,0.106,bis(fluorosulfonyl)azanide;4-(3-methylimidazol-1-ium-1-yl)butanenitrile
293,101.325,1096.8,AAlxqv,"1,2-dimethyl-3-propylimidazolium thiocyanate",[S-]C#N.CN1C(=[N+](C=C1)CCC)C,0.216,0.361,"1,2-dimethyl-3-propylimidazol-3-ium;thiocyanate"
323,101.325,1063.2,AAohcf,"1-butyl-2,3-dimethylimidazolium thiocyanate",CCCCN1C=C[N+](=C1C)C.C(#N)[S-],0.0571,0.774,"1-butyl-2,3-dimethylimidazol-3-ium;thiocyanate"
303,101.325,1304.8,AAtenv,1-butyronitrile-3-methylimidazolium tetrafluoroborate,N#CCCC[N+]1=CN(C)C=C1.[B-](F)(F)(F)(F),0.223,0.056,4-(3-methylimidazol-1-ium-1-yl)butanenitrile;tetrafluoroborate
303,101.325,1086.9,AAkKjX,1-propylpyridinium dicyanamide,[N-](C#N)C#N.C(CC)[N+]1=CC=CC=C1,0.02345,1.508,dicyanoazanide;1-propylpyridin-1-ium
303,101.325,1436.7,ABFcix,3-(3-cyanopropyl)-1-methylimidazolium trifluoromethanesulfonate,FC(S(=O)(=O)[O-])(F)F.C(#N)CCC[N+]1=CN(C=C1)C,0.422,0.06,4-(3-methylimidazol-1-ium-1-yl)butanenitrile;trifluoromethanesulfonate
323,101.325,1038.1,AApenn,1-pentylpyridinium dicyanamide,[N-](C#N)C#N.C(CCCC)[N+]1=CC=CC=C1,0.01885,1.391,dicyanoazanide;1-pentylpyridin-1-ium
318,101.325,1580.8,ABfHCV,3-(2-amino-2-oxoethyl)-1-vinylimidazolium bis(trifluoromethylsulfonyl)amide,FC(S(=O)(=O)[N-]S(=O)(=O)C(F)(F)F)(F)F.NC(C[N+]1=CN(C=C1)C=C)=O,0.0198,0.07,bis(trifluoromethylsulfonyl)azanide;2-(3-ethenylimidazol-1-ium-1-yl)acetamide
298,101.325,1311.0,ABdgkq,hexyltrimethylammonium bis[(trifluoromethyl)sulfonyl]imide,[N-](S(=O)(=O)C(F)(F)F)S(=O)(=O)C(F)(F)F.C(CCCCC)[N+](C)(C)C,0.153,0.043,bis(trifluoromethylsulfonyl)azanide;hexyl(trimethyl)azanium
313,101.325,1440.0,ABchbd,"1,2-dimethyl-3-propylimidazolium bis[(trifluoromethyl)sulfonyl]imide",[N-](S(=O)(=O)C(F)(F)F)S(=O)(=O)C(F)(F)F.CN1C(=[N+](C=C1)CCC)C,0.04653,0.503,"bis(trifluoromethylsulfonyl)azanide;1,2-dimethyl-3-propylimidazol-3-ium"
303,101.325,1189.92,AAuIjq,"1-butyl-2,3-dimethylimidazolium tetrafluoroborate",[B-](F)(F)(F)F.CCCCN1C=C[N+](=C1C)C,0.447,0.0758,"1-butyl-2,3-dimethylimidazol-3-ium;tetrafluoroborate"
298,101.325,1193.8,AAyMRO,"1,3-dibutylimidazolium bromide",[Br-].C(CCC)N1C=[N+](C=C1)CCCC,0.613,0.23,"1,3-dibutylimidazol-1-ium;bromide"
303,101.325,1256.0,AAsrYT,1-butyl-3-ethylimidazolium bromide,CCCC[N+]1=CN(C=C1)CC.[Br-],0.02104,0.0696,1-butyl-3-ethylimidazol-1-ium;bromide
303,101.325,1115.32,AAhalr,1-ethylpyridinium dicyanamide,[N-](C#N)C#N.C(C)[N+]1=CC=CC=C1,0.01644,1.959,dicyanoazanide;1-ethylpyridin-1-ium
298,101.325,1201.8,AAdDtp,2-hydroxyethylammonium lactate,C(C(O)C)(=O)[O-].OCC[NH3+],0.254,0.0048,2-hydroxyethylazanium;2-hydroxypropanoate
333,101.325,1059.8,AAlcrs,"1-butyl-2,3-dimethylimidazolium azide",CCCCN1C=C[N+](=C1C)C.[N-]=[N+]=[N-],0.1016,0.383,"1-butyl-2,3-dimethylimidazol-3-ium;azide"
298,101.325,946.0,AAZfGL,diethylammonium acetate,CCNCC.CC(=O)O,0.01636,0.3795,aceticacid;N-ethylethanamine
323,101.325,1477.2,ABgjvQ,4-(2-methoxyethyl)-4-methylmorpholinium bis(trifluoromethylsulfonyl)amide,FC(S(=O)(=O)[N-]S(=O)(=O)C(F)(F)F)(F)F.COCC[N+]1(CCOCC1)C,0.078,0.136,bis(trifluoromethylsulfonyl)azanide;4-(2-methoxyethyl)-4-methylmorpholin-4-ium
298,101.325,1433.2,ABgQkQ,1-(2-methoxyethyl)-1-methylpiperidinium bis(trifluoromethylsulfonyl)imide,[N-](S(=O)(=O)C(F)(F)F)S(=O)(=O)C(F)(F)F.COCC[N+]1(CCCCC1)C,0.0699,0.209,bis(trifluoromethylsulfonyl)azanide;1-(2-methoxyethyl)-1-methylpiperidin-1-ium
298,101.325,1150.9,AAeamZ,1-allyl-3-methylimidazolium chloride,C[N+]1=CN(C=C1)CC=C.[Cl-],0.82,0.411,1-methyl-3-prop-2-enylimidazol-1-ium;chloride
323,101.325,1083.2,AArutH,1-butyl-3-methylimidazolium lactate,CCCCN1C=C[N+](=C1)C.CC(C(=O)[O-])O,0.161,0.138,1-butyl-3-methylimidazol-3-ium;2-hydroxypropanoate
303,101.325,1269.0,AAtgPI,"N,N-dimethylpropan-1-aminium trifluoromethanesulfonate",FC(S(=O)(=O)[O-])(F)F.C[NH+](CCC)C,0.0332,0.901,dimethyl(propyl)azanium;trifluoromethanesulfonate
303,101.325,1277.0,AAtgnv,diethylmethylammonium trifluoromethanesulfonate,CC[NH+](C)CC.C(F)(F)(F)S(=O)(=O)[O-],0.0369,0.833,diethyl(methyl)azanium;trifluoromethanesulfonate
303,101.325,1246.0,AAyMHN,N-allyl-N-methylprop-2-en-1-aminium trifluoromethanesulfonate,FC(S(=O)(=O)[O-])(F)F.C(C=C)[NH+](CC=C)C,0.0385,0.469,methyl-bis(prop-2-enyl)azanium;trifluoromethanesulfonate
303,101.325,1295.0,AAtMex,"N,N-dimethylprop-2-en-1-aminium trifluoromethanesulfonate",FC(S(=O)(=O)[O-])(F)F.C[NH+](CC=C)C,0.0288,0.968,dimethyl(prop-2-enyl)azanium;trifluoromethanesulfonate
303,101.325,1215.0,AAzAHP,"N,N-diethylpropan-1-aminium trifluoromethanesulfonate",FC(S(=O)(=O)[O-])(F)F.C(C)[NH+](CCC)CC,0.0543,0.384,diethyl(propyl)azanium;trifluoromethanesulfonate
343,101.325,1046.89,AAjWZr,3-butyl-1-methyl-1H-imidazolium formate,C(=O)[O-].C(CCC)[N+]1=CN(C=C1)C,0.02394,1.04,1-butyl-3-methylimidazol-1-ium;formate
303,101.325,1028.9,AArbyj,3-butyl-1-methyl-1H-imidazolium butanoate,C(CCC)(=O)[O-].C(CCC)[N+]1=CN(C=C1)C,0.364,0.04102,butanoate;1-butyl-3-methylimidazol-1-ium
343,101.325,1077.2,AAyDgM,3-butyl-1-methylimidazolium benzoate,C(C1=CC=CC=C1)(=O)[O-].C(CCC)[N+]1=CN(C=C1)C,0.0735,0.213,1-butyl-3-methylimidazol-1-ium;benzoate
313,101.325,1119.0,AApKPe,1-butyl-3-methylimidazolium glycolate,C(CO)(=O)[O-].C(CCC)N1C=[N+](C=C1)C,0.227,0.1183,1-butyl-3-methylimidazol-3-ium;2-hydroxyacetate
303,101.325,1247.0,AAygbJ,"N,N-diethylprop-2-en-1-aminium trifluoromethanesulfonate",FC(S(=O)(=O)[O-])(F)F.C(C)[NH+](CC=C)CC,0.051,0.419,diethyl(prop-2-enyl)azanium;trifluoromethanesulfonate
333,101.325,959.5,ABUVOO,(3-aminopropyl)tributylphosphonium L-valinate,N[C@@H](C(C)C)C(=O)[O-].NCCC[P+](CCCC)(CCCC)CCCC,0.114,0.04468,(2S)-2-amino-3-methylbutanoate;3-aminopropyl(tributyl)phosphanium
323,101.325,956.5,ABXFth,(3-aminopropyl)tributylphosphonium L-leucinate,N[C@@H](CC(C)C)C(=O)[O-].NCCC[P+](CCCC)(CCCC)CCCC,0.224,0.02907,(2S)-2-amino-4-methylpentanoate;3-aminopropyl(tributyl)phosphanium
303,101.325,983.7,ABPBIK,(3-aminopropyl)tributylphosphonium L-alaninate,N[C@@H](C)C(=O)[O-].NCCC[P+](CCCC)(CCCC)CCCC,0.46,0.021784,(2S)-2-aminopropanoate;3-aminopropyl(tributyl)phosphanium
333,101.325,1511.0,ABSWuK,piperidinium bis(trifluoromethanesulfonyl)imide,[N-](S(=O)(=O)C(F)(F)F)S(=O)(=O)C(F)(F)F.[NH2+]1CCCCC1,0.0403,0.468,bis(trifluoromethylsulfonyl)azanide;piperidin-1-ium
333,101.325,1553.0,ABPmtf,pyrrolidinium bis(trifluoromethanesulfonyl)imide,C1CC[NH2+]C1.C(F)(F)(F)S(=O)(=O)[N-]S(=O)(=O)C(F)(F)F,0.02047,1.001,bis(trifluoromethylsulfonyl)azanide;pyrrolidin-1-ium
333,101.325,1370.0,ABabAI,1-butylpyrrolidinium bis(trifluoromethylsulfonyl)amide,FC(S(=O)(=O)[N-]S(=O)(=O)C(F)(F)F)(F)F.C(CCC)[NH+]1CCCC1,0.0149,0.965,bis(trifluoromethylsulfonyl)azanide;1-butylpyrrolidin-1-ium
328,101.325,1110.0,AAyXJg,N-butylimidazolium salicylate,C(C=1C(O)=CC=CC1)(=O)[O-].C(CCC)N1C=[NH+]C=C1,0.0529,0.08,1-butylimidazol-3-ium;2-hydroxybenzoate
328,101.325,1238.3,ABEfoT,N-hexylethylenediammonium trifluoromethanesulfonate,FC(S(=O)(=O)[O-])(F)F.C(CCCCC)[NH2+]CC[NH3+].FC(S(=O)(=O)[O-])(F)F,0.0895,0.138,2-azaniumylethyl(hexyl)azanium;trifluoromethanesulfonate
328,101.325,1189.2,ABJzEG,N-octylethylenediammonium trifluoromethanesulfonate,FC(S(=O)(=O)[O-])(F)F.C(CCCCCCC)[NH2+]CC[NH3+].FC(S(=O)(=O)[O-])(F)F,0.127,0.0875,2-azaniumylethyl(octyl)azanium;trifluoromethanesulfonate
333,101.325,1303.0,AAvjYP,1-ethyl-3-methylimidazolium difluoromono(oxalato)borate,C[N+]1=CN(C=C1)CC.[B+3]1([F-])([F-])[O-]C(=O)C(=O)[O-]1,0.01452,2.3607,"1-ethyl-3-methylimidazol-3-ium;2,2,2-trifluoro-1,2-oxaborolan-2-ium-4,5-dione"
303,101.325,1254.0,ABDoQh,1-butyl-3-methylimidazolium difluoromono(malonato)borate,C[N+]1=CN(C=C1)CCCC.[B+3]1([F-])([F-])[O-]C(=O)CC(=O)[O-]1,0.1373,0.2544,"1-butyl-3-methylimidazol-3-ium;2,2,2-trifluoro-1-oxidooxaborinan-2-ium-4,6-dione"
303,101.325,1224.0,ABBYiu,1-ethyl-3-methylimidazolium difluorobis(acetato)borate,C[N+]1=CN(C=C1)CC.[B+3]([F-])([F-])([O-]C(=O)C)([O-]C(=O)C),0.1016,0.3364,acetyloxy-trifluoro-oxidooxyboranium;1-ethyl-3-methylimidazol-3-ium
303,101.325,1254.0,ABBEmA,1-butyl-3-methylimidazolium difluoromono(oxalato)borate,C[N+]1=CN(C=C1)CCCC.[B+3]1([F-])([F-])[O-]C(=O)C(=O)[O-]1,0.0733,0.389,"1-butyl-3-methylimidazol-3-ium;2,2,2-trifluoro-1,3,2-oxazaborolidin-2-ium-4,5-dione"
323,101.325,1310.0,AAyUMq,1-ethyl-3-methylimidazolium difluoromono(malonato)borate,C[N+]1=CN(C=C1)CC.[B+3]1([F-])([F-])[O-]C(=O)CC(=O)[O-]1,0.0334,1.0396,"1-ethyl-3-methylimidazol-3-ium;2,2,2-trifluoro-1-oxidooxaborinan-2-ium-4,6-dione"
298,101.325,1319.0,ABZuMo,tetraethylammonium difluorobis(trifluoroacetato)borate,[N+](CC)(CC)(CC)(CC).[B+3]([F-])([F-])([O-]C(=O)C(F)(F)(F))([O-]C(=O)C(F)(F)(F)),0.04728,0.4341,"difluoro-oxido-(2,2,2-trifluoroacetyl)oxyboranium;tetraethylazanium"
333,101.325,1148.0,ABGtGP,1-butyl-3-methylimidazolium diacetoxydifluoroborate,C[N+]1=CN(C=C1)CCCC.[B+3]([F-])([F-])([O-]C(=O)C)([O-]C(=O)C),0.03547,0.5606,acetyloxy-trifluoro-oxidoboranium;1-butyl-3-methylimidazol-3-ium
313,101.325,1411.0,ABWMsB,"1-ethyl-3-methylimidazolium difluorobis(2,2,2-trifluoroacetoxy)borate",C[N+]1=CN(C=C1)CC.[B+3]([F-])([F-])([O-]C(=O)C(F)(F)(F))([O-]C(=O)C(F)(F)(F)),0.01221,1.7072,"difluoro-oxido-(2,2,2-trifluoroacetyl)oxyboranium;1-ethyl-3-methylimidazol-3-ium"
323,101.325,1330.0,ABbgrL,1-butyl-3-methylimidazolium difluorobis(trifluoroacetato)borate,C[N+]1=CN(C=C1)CCCC.[B+3]([F-])([F-])([O-]C(=O)C(F)(F)(F))([O-]C(=O)C(F)(F)(F)),0.01246,1.1952,"1-butyl-3-methylimidazol-3-ium;difluoro-oxido-(2,2,2-trifluoroacetyl)oxyboranium"
333,101.325,1110.0,ABFHOm,tetraethylammonium diacetoxydifluoroborate,[N+](CC)(CC)(CC)(CC).[B+3]([F-])([F-])([O-]C(=O)C)([O-]C(=O)C),0.0369,0.6238,acetyloxy-trifluoro-oxidoboranium;tetraethylazanium
298,101.325,1511.6,ABenWx,"3-(3-cyanopropyl)-1-methylimidazolium 1,1,1-trifluoro-N-[(trifluoromethyl)sulfonyl]methanesulfonamide",FC(S(=O)(=O)NS(=O)(=O)C(F)(F)F)(F)F.C(#N)CCC[N+]1=CN(C=C1)C,0.208,0.125,"4-(3-methylimidazol-1-ium-1-yl)butanenitrile;1,1,1-trifluoro-N-(trifluoromethylsulfonyl)methanesulfonamide"
313,101.325,1062.0,AAbRPP,1-methylimidazolium acetate,C(C)(=O)[O-].CN1C=[NH+]C=C1,0.004395,0.36,1-methylimidazol-3-ium;acetate
303,101.325,1203.0,AAzAoL,N-methyl-N-propylpropan-1-aminium trifluoromethanesulfonate,FC(S(=O)(=O)[O-])(F)F.C[NH+](CCC)CCC,0.0487,0.415,methyl(dipropyl)azanium;trifluoromethanesulfonate
313,101.325,1138.8,ABBHaL,1-butyl-3-methylimidazolium salicylate,CCCCN1C=C[N+](=C1)C.C1=CC=C(C(=C1)C(=O)O)[O-],0.198,0.101,1-butyl-3-methylimidazol-3-ium;2-carboxyphenolate
338,101.325,1192.0,AAtqVn,N-butylimidazolium trifluoroacetate,FC(C(=O)[O-])(F)F.C(CCC)N1C=[NH+]C=C1,0.0282,0.47,"1-butylimidazol-3-ium;2,2,2-trifluoroacetate"
298,101.325,992.8,AAjMcu,"1,1,3,3-tetramethylguanidinium imidazol-1-ide",[N-]1C=NC=C1.CN(C(=[NH2+])N(C)C)C,0.00729,0.218,bis(dimethylamino)methylideneazanium;imidazol-3-ide
348,101.325,1325.0,AAmPaK,triethylammonium dihydrogen phosphate,CC[NH+](CC)CC.OP(=O)(O)[O-],3.593,0.054,dihydrogenphosphate;triethylazanium
293,101.325,1456.0,ABtARM,1-(2-cyanoethyl)-3[2-(2-methoxyethoxy)ethyl]imidazolium bis((trifluoromethyl)sulfonyl)imide,[N-](S(=O)(=O)C(F)(F)F)S(=O)(=O)C(F)(F)F.C(#N)CCN1C=[N+](C=C1)CCOCCOC,0.296,0.0654,bis(trifluoromethylsulfonyl)azanide;3-[3-[2-(2-methoxyethoxy)ethyl]imidazol-3-ium-1-yl]propanenitrile
313,101.325,1178.0,AAzSvH,tetraethylammonium difluoromono(oxalato)borate,[N+](CC)(CC)(CC)(CC).[B+3]1([F-])([F-])[O-]C(=O)C(=O)[O-]1,0.0719,0.3212,"tetraethylazanium;2,2,2-trifluoro-1,3,2-oxazaborolidin-2-ium-4,5-dione"
353,101.325,1422.0,AAxNYG,1-ethyl-3-methylimidazolium hexafluorophosphate,CCN1C=C[N+](=C1)C.F[P-](F)(F)(F)(F)F,0.0171,2.64,1-ethyl-3-methylimidazol-3-ium;hexafluorophosphate
298,101.325,1342.0,ABucch,"2-(acetyloxy)-N,N-dimethyl-N-[(pentyloxy)methyl]ethanaminium 1,1,1-trifluoro-N-[(trifluoromethyl)sulfonyl]methanesulfonamide",FC(S(=O)(=O)NS(=O)(=O)C(F)(F)F)(F)F.C(C)(=O)OCC[N+](COCCCCC)(C)C,0.187,0.088,"2-acetyloxyethyl-dimethyl-(pentoxymethyl)azanium;1,1,1-trifluoro-N-(trifluoromethylsulfonyl)methanesulfonamide"
298,101.325,1230.0,ACCikD,"2-hydroxy-N,N-dimethyl-N-[(undecyloxy)methyl]ethanaminium 1,1,1-trifluoro-N-[(trifluoromethyl)sulfonyl]methanesulfonamide",FC(S(=O)(=O)NS(=O)(=O)C(F)(F)F)(F)F.OCC[N+](COCCCCCCCCCCC)(C)C,0.2,0.053,"2-hydroxyethyl-dimethyl-(undecoxymethyl)azanium;1,1,1-trifluoro-N-(trifluoromethylsulfonyl)methanesulfonamide"
298,101.325,1194.0,ACFSXs,"N-[(dodecyloxy)methyl]-2-hydroxy-N,N-dimethylethanaminium 1,1,1-trifluoro-N-[(trifluoromethyl)sulfonyl]methanesulfonamide",FC(S(=O)(=O)NS(=O)(=O)C(F)(F)F)(F)F.C(CCCCCCCCCCC)OC[N+](CCO)(C)C,0.232,0.038,"dodecoxymethyl-(2-hydroxyethyl)-dimethylazanium;1,1,1-trifluoro-N-(trifluoromethylsulfonyl)methanesulfonamide"
298,101.325,1426.0,ABmXep,"2-(acetyloxy)-N-(ethoxymethyl)-N,N-dimethylethanaminium 1,1,1-trifluoro-N-[(trifluoromethyl)sulfonyl]methanesulfonamide",FC(S(=O)(=O)NS(=O)(=O)C(F)(F)F)(F)F.C(C)(=O)OCC[N+](C)(C)COCC,0.17,0.134,"2-acetyloxyethyl-(ethoxymethyl)-dimethylazanium;1,1,1-trifluoro-N-(trifluoromethylsulfonyl)methanesulfonamide"
298,101.325,1393.0,ABpIww,"2-(acetyloxy)-N,N-dimethyl-N-(propoxymethyl)ethanaminium 1,1,1-trifluoro-N-[(trifluoromethyl)sulfonyl]methanesulfonamide",FC(S(=O)(=O)NS(=O)(=O)C(F)(F)F)(F)F.C(C)(=O)OCC[N+](COCCC)(C)C,0.179,0.121,"2-acetyloxyethyl-dimethyl-(propoxymethyl)azanium;1,1,1-trifluoro-N-(trifluoromethylsulfonyl)methanesulfonamide"
298,101.325,1210.0,ACKmaT,"2-(acetyloxy)-N,N-dimethyl-N-[(undecyloxy)methyl]ethanaminium 1,1,1-trifluoro-N-[(trifluoromethyl)sulfonyl]methanesulfonamide",FC(S(=O)(=O)NS(=O)(=O)C(F)(F)F)(F)F.C(C)(=O)OCC[N+](COCCCCCCCCCCC)(C)C,0.27,0.031,"2-acetyloxyethyl-dimethyl-(undecoxymethyl)azanium;1,1,1-trifluoro-N-(trifluoromethylsulfonyl)methanesulfonamide"
298,101.325,1315.0,ABxNhs,"2-(acetyloxy)-N-[(hexyloxy)methyl]-N,N-dimethylethanaminium 1,1,1-trifluoro-N-[(trifluoromethyl)sulfonyl]methanesulfonamide",FC(S(=O)(=O)NS(=O)(=O)C(F)(F)F)(F)F.C(C)(=O)OCC[N+](C)(C)COCCCCCC,0.193,0.07,"2-acetyloxyethyl-(hexoxymethyl)-dimethylazanium;1,1,1-trifluoro-N-(trifluoromethylsulfonyl)methanesulfonamide"
298,101.325,1200.0,ACNWQU,"2-(acetyloxy)-N-[(dodecyloxy)methyl]-N,N-dimethylethanaminium 1,1,1-trifluoro-N-[(trifluoromethyl)sulfonyl]methanesulfonamide",FC(S(=O)(=O)NS(=O)(=O)C(F)(F)F)(F)F.C(C)(=O)OCC[N+](C)(C)COCCCCCCCCCCCC,0.293,0.027,"2-acetyloxyethyl-(dodecoxymethyl)-dimethylazanium;1,1,1-trifluoro-N-(trifluoromethylsulfonyl)methanesulfonamide"
298,101.325,1220.0,ACICmA,"2-(acetyloxy)-N-[(decyloxy)methyl]-N,N-dimethylethanaminium 1,1,1-trifluoro-N-[(trifluoromethyl)sulfonyl]methanesulfonamide",FC(S(=O)(=O)NS(=O)(=O)C(F)(F)F)(F)F.C(C)(=O)OCC[N+](C)(C)COCCCCCCCCCC,0.251,0.037,"2-acetyloxyethyl-(decoxymethyl)-dimethylazanium;1,1,1-trifluoro-N-(trifluoromethylsulfonyl)methanesulfonamide"
298,101.325,1244.0,ACFRvL,"2-(acetyloxy)-N,N-dimethyl-N-[(nonyloxy)methyl]ethanaminium 1,1,1-trifluoro-N-[(trifluoromethyl)sulfonyl]methanesulfonamide",FC(S(=O)(=O)NS(=O)(=O)C(F)(F)F)(F)F.C(C)(=O)OCC[N+](COCCCCCCCCC)(C)C,0.232,0.042,"2-acetyloxyethyl-dimethyl-(nonoxymethyl)azanium;1,1,1-trifluoro-N-(trifluoromethylsulfonyl)methanesulfonamide"
298,101.325,1268.0,ABxNpo,"2-hydroxy-N,N-dimethyl-N-[(nonyloxy)methyl]ethanaminium 1,1,1-trifluoro-N-[(trifluoromethyl)sulfonyl]methanesulfonamide",FC(S(=O)(=O)NS(=O)(=O)C(F)(F)F)(F)F.OCC[N+](COCCCCCCCCC)(C)C,0.166,0.077,"2-hydroxyethyl-dimethyl-(nonoxymethyl)azanium;1,1,1-trifluoro-N-(trifluoromethylsulfonyl)methanesulfonamide"
298,101.325,1259.0,ABzxTq,"N-[(decyloxy)methyl]-2-hydroxy-N,N-dimethylethanaminium 1,1,1-trifluoro-N-[(trifluoromethyl)sulfonyl]methanesulfonamide",FC(S(=O)(=O)NS(=O)(=O)C(F)(F)F)(F)F.C(CCCCCCCCC)OC[N+](CCO)(C)C,0.187,0.055,"decoxymethyl-(2-hydroxyethyl)-dimethylazanium;1,1,1-trifluoro-N-(trifluoromethylsulfonyl)methanesulfonamide"
298,101.325,1284.0,ABudwa,"2-hydroxy-N,N-dimethyl-N-[(octyloxy)methyl]ethanaminium 1,1,1-trifluoro-N-[(trifluoromethyl)sulfonyl]methanesulfonamide",FC(S(=O)(=O)NS(=O)(=O)C(F)(F)F)(F)F.OCC[N+](COCCCCCCCC)(C)C,0.149,0.088,"2-hydroxyethyl-dimethyl-(octoxymethyl)azanium;1,1,1-trifluoro-N-(trifluoromethylsulfonyl)methanesulfonamide"
298,101.325,1309.0,ABrssd,"N-[(heptyloxy)methyl]-2-hydroxy-N,N-dimethylethanaminium 1,1,1-trifluoro-N-[(trifluoromethyl)sulfonyl]methanesulfonamide",FC(S(=O)(=O)NS(=O)(=O)C(F)(F)F)(F)F.C(CCCCCC)OC[N+](CCO)(C)C,0.134,0.118,"heptoxymethyl-(2-hydroxyethyl)-dimethylazanium;1,1,1-trifluoro-N-(trifluoromethylsulfonyl)methanesulfonamide"
298,101.325,1343.0,ABpIig,"N-[(hexyloxy)methyl]-2-hydroxy-N,N-dimethylethanaminium 1,1,1-trifluoro-N-[(trifluoromethyl)sulfonyl]methanesulfonamide",FC(S(=O)(=O)NS(=O)(=O)C(F)(F)F)(F)F.C(CCCCC)OC[N+](CCO)(C)C,0.114,0.127,"hexoxymethyl-(2-hydroxyethyl)-dimethylazanium;1,1,1-trifluoro-N-(trifluoromethylsulfonyl)methanesulfonamide"
298,101.325,1378.0,ABmYns,"2-hydroxy-N,N-dimethyl-N-[(pentyloxy)methyl]ethanaminium 1,1,1-trifluoro-N-[(trifluoromethyl)sulfonyl]methanesulfonamide",FC(S(=O)(=O)NS(=O)(=O)C(F)(F)F)(F)F.OCC[N+](COCCCCC)(C)C,0.1,0.142,"2-hydroxyethyl-dimethyl-(pentoxymethyl)azanium;1,1,1-trifluoro-N-(trifluoromethylsulfonyl)methanesulfonamide"
298,101.325,1386.0,ABjojZ,"N-(butoxymethyl)-2-hydroxy-N,N-dimethylethanaminium 1,1,1-trifluoro-N-[(trifluoromethyl)sulfonyl]methanesulfonamide",FC(S(=O)(=O)NS(=O)(=O)C(F)(F)F)(F)F.C(CCC)OC[N+](CCO)(C)C,0.09,0.16,"butoxymethyl-(2-hydroxyethyl)-dimethylazanium;1,1,1-trifluoro-N-(trifluoromethylsulfonyl)methanesulfonamide"
298,101.325,1420.0,ABhDGX,"2-hydroxy-N,N-dimethyl-N-(propoxymethyl)ethanaminium 1,1,1-trifluoro-N-[(trifluoromethyl)sulfonyl]methanesulfonamide",FC(S(=O)(=O)NS(=O)(=O)C(F)(F)F)(F)F.OCC[N+](COCCC)(C)C,0.084,0.169,"2-hydroxyethyl-dimethyl-(propoxymethyl)azanium;1,1,1-trifluoro-N-(trifluoromethylsulfonyl)methanesulfonamide"
298,101.325,1453.0,ABeTjW,"N-(ethoxymethyl)-2-hydroxy-N,N-dimethylethanaminium 1,1,1-trifluoro-N-[(trifluoromethyl)sulfonyl]methanesulfonamide",FC(S(=O)(=O)NS(=O)(=O)C(F)(F)F)(F)F.C(C)OC[N+](CCO)(C)C,0.073,0.179,"ethoxymethyl-(2-hydroxyethyl)-dimethylazanium;1,1,1-trifluoro-N-(trifluoromethylsulfonyl)methanesulfonamide"
298,101.325,1359.0,ABrsmu,"2-(acetyloxy)-N-(butoxymethyl)-N,N-dimethylethanaminium 1,1,1-trifluoro-N-[(trifluoromethyl)sulfonyl]methanesulfonamide",FC(S(=O)(=O)NS(=O)(=O)C(F)(F)F)(F)F.C(C)(=O)OCC[N+](C)(C)COCCCC,0.183,0.092,"2-acetyloxyethyl-(butoxymethyl)-dimethylazanium;1,1,1-trifluoro-N-(trifluoromethylsulfonyl)methanesulfonamide"
298,101.325,1297.0,ABzxrt,"2-(acetyloxy)-N-[(heptyloxy)methyl]-N,N-dimethylethanaminium 1,1,1-trifluoro-N-[(trifluoromethyl)sulfonyl]methanesulfonamide",FC(S(=O)(=O)NS(=O)(=O)C(F)(F)F)(F)F.C(C)(=O)OCC[N+](C)(C)COCCCCCCC,0.2,0.06,"2-acetyloxyethyl-(heptoxymethyl)-dimethylazanium;1,1,1-trifluoro-N-(trifluoromethylsulfonyl)methanesulfonamide"
293,101.325,1290.0,ABsNOk,"2,3-dimethyl-1-octylpyridinium bis(trifluoromethylsulfonyl)amide",FC(S(=O)(=O)[N-]S(=O)(=O)C(F)(F)F)(F)F.CC1=[N+](C=CC=C1C)CCCCCCCC,0.27,0.0409,"bis(trifluoromethylsulfonyl)azanide;2,3-dimethyl-1-octylpyridin-1-ium"
298,101.325,1163.7,AAoWKe,4-methyl-4-propylmorpholinium N-cyanocyanamide,C(#N)NC#N.C[N+]1(CCOCC1)CCC,0.401,0.133,cyanocyanamide;4-methyl-4-propylmorpholin-4-ium
298,101.325,1118.3,AArHeq,4-butyl-4-methylmorpholinium N-cyanocyanamide,C(#N)NC#N.C(CCC)[N+]1(CCOCC1)C,0.404,0.141,4-butyl-4-methylmorpholin-4-ium;cyanocyanamide
298,101.325,1122.4,AAtrFh,4-methyl-4-pentylmorpholinium N-cyanocyanamide,C(#N)NC#N.C[N+]1(CCOCC1)CCCCC,0.513,0.073,cyanocyanamide;4-methyl-4-pentylmorpholin-4-ium
298,101.325,1069.7,AAwbbq,4-hexyl-4-methylmorpholinium N-cyanocyanamide,C(#N)NC#N.C(CCCCC)[N+]1(CCOCC1)C,0.521,0.074,cyanocyanamide;4-hexyl-4-methylmorpholin-4-ium
298,101.325,1063.1,AAzLIf,4-heptyl-4-methylmorpholinium N-cyanocyanamide,C(#N)NC#N.C(CCCCCC)[N+]1(CCOCC1)C,0.6,0.027,cyanocyanamide;4-heptyl-4-methylmorpholin-4-ium
298,101.325,1034.7,ABBwgc,4-methyl-4-octylmorpholinium N-cyanocyanamide,C(#N)NC#N.C[N+]1(CCOCC1)CCCCCCCC,0.668,0.022,cyanocyanamide;4-methyl-4-octylmorpholin-4-ium
298,101.325,1032.5,ABEgTC,4-methyl-4-nonylmorpholinium N-cyanocyanamide,C(#N)NC#N.C[N+]1(CCOCC1)CCCCCCCCC,0.723,0.016,cyanocyanamide;4-methyl-4-nonylmorpholin-4-ium
298,101.325,1590.0,ADPPlP,"1,1-(((oxybis(ethane-2,1-diyl))bis(oxy))bis(ethane-2,1-diyl))bis(1-methylpyrrolidin-1-ium) bis((trifluoromethyl)sulfonyl) amide",C1CCC[N+]1(C)CCOCCOCCOCC[N+]1(C)CCCC1.C(F)(F)(F)S(=O)(=O)[N-]S(=O)(=O)C(F)(F)(F),0.279,0.099,bis(trifluoromethylsulfonyl)azanide;1-methyl-1-[2-[2-[2-[2-(1-methylpyrrolidin-1-ium-1-yl)ethoxy]ethoxy]ethoxy]ethyl]pyrrolidin-1-ium
298,101.325,1610.0,ADXoNI,"1,1-(3,6,9,12-tetraoxatetradecane-1,14-diyl)bis(1-methylpyrrolidin-1-ium) bis((trifluoromethyl)sulfonyl)amide",C1CCC[N+]1(C)CCOCCOCCOCCOCC[N+]1(C)CCCC1.C(F)(F)(F)S(=O)(=O)[N-]S(=O)(=O)C(F)(F)(F),0.19,0.094,bis(trifluoromethylsulfonyl)azanide;1-methyl-1-[2-[2-[2-[2-[2-(1-methylpyrrolidin-1-ium-1-yl)ethoxy]ethoxy]ethoxy]ethoxy]ethyl]pyrrolidin-1-ium
298,101.325,1210.0,ABcZnT,"1,1'-((ethane-1,2-diylbis(oxy))bis(ethane-2,1-diyl))bis(1-methylpyrrolidin-1-ium) dicyanamide",[N-](C#N)C#N.C(COCC[N+]1(CCCC1)C)OCC[N+]1(CCCC1)C.[N-](C#N)C#N,0.0643,0.219,dicyanoazanide;1-methyl-1-[2-[2-[2-(1-methylpyrrolidin-1-ium-1-yl)ethoxy]ethoxy]ethyl]pyrrolidin-1-ium
298,101.325,1220.0,ABkxDq,"1,1'-(((oxybis(ethane-2,1-diyl))bis(oxy))bis(ethane-2,1-diyl))bis(1-methylpyrrolidin-1-ium) dicyanamide",[N-](C#N)C#N.O(CCOCC[N+]1(CCCC1)C)CCOCC[N+]1(CCCC1)C.[N-](C#N)C#N,0.0604,0.252,dicyanoazanide;1-methyl-1-[2-[2-[2-[2-(1-methylpyrrolidin-1-ium-1-yl)ethoxy]ethoxy]ethoxy]ethyl]pyrrolidin-1-ium
298,101.325,1220.0,ABtWoQ,"1,1'-(3,6,9,12-tetraoxatetradecane-1,14-diyl)bis(1-methylpyrrolidin-1-ium) dicyanamide",[N-](C#N)C#N.C(COCCOCCOCCOCC[N+]1(CCCC1)C)[N+]1(CCCC1)C.[N-](C#N)C#N,0.0495,0.145,dicyanoazanide;1-methyl-1-[2-[2-[2-[2-[2-(1-methylpyrrolidin-1-ium-1-yl)ethoxy]ethoxy]ethoxy]ethoxy]ethyl]pyrrolidin-1-ium
298,101.325,1510.0,ADNTiO,"3,3-(oxybis(ethane-2,1-diyl))bis(1-butyl-1H-imidazol-3-ium) bis((trifluoromethyl)sulfonyl)amide",CCCCN1C=[N+](C=C1)CCOCC[N+]1=CN(C=C1)CCCC.C(F)(F)(F)S(=O)(=O)[N-]S(=O)(=O)C(F)(F)(F),0.411,0.065,bis(trifluoromethylsulfonyl)azanide;1-butyl-3-[2-[2-(3-butylimidazol-1-ium-1-yl)ethoxy]ethyl]imidazol-3-ium
298,101.325,1530.0,ADVsgU,"3,3-((ethane-1,2-diylbis(oxy))bis(ethane-2,1-diyl))bis(1-butyl-1H-imidazol-3-ium) bis((trifluoromethyl)sulfonyl) amide",CCCCN1C=[N+](C=C1)CCOCCOCC[N+]1=CN(C=C1)CCCC.C(F)(F)(F)S(=O)(=O)[N-]S(=O)(=O)C(F)(F)(F),0.364,0.079,bis(trifluoromethylsulfonyl)azanide;1-butyl-3-[2-[2-[2-(3-butylimidazol-1-ium-1-yl)ethoxy]ethoxy]ethyl]imidazol-3-ium
298,101.325,1540.0,ADeQoB,"3,3-(((oxybis(ethane-2,1-diyl))bis(oxy))bis(ethane-2,1-diyl))bis(1-butyl-1H-imidazol-3-ium) bis((trifluoromethyl)sulfonyl)amide",CCCCN1C=[N+](C=C1)CCOCCOCCOCC[N+]1=CN(C=C1)CCCC.C(F)(F)(F)S(=O)(=O)[N-]S(=O)(=O)C(F)(F)(F),0.333,0.072,bis(trifluoromethylsulfonyl)azanide;1-butyl-3-[2-[2-[2-[2-(3-butylimidazol-1-ium-1-yl)ethoxy]ethoxy]ethoxy]ethyl]imidazol-3-ium
298,101.325,1570.0,ADmpJc,"3,3-(3,6,9,12-tetraoxatetradecane-1,14-diyl)bis(1-butyl-1H-imidazol-3-ium) bis((trifluoromethyl)sulfonyl) amide",CCCCN1C=[N+](C=C1)CCOCCOCCOCCOCC[N+]1=CN(C=C1)CCCC.C(F)(F)(F)S(=O)(=O)[N-]S(=O)(=O)C(F)(F)(F),0.299,0.07,bis(trifluoromethylsulfonyl)azanide;1-butyl-3-[2-[2-[2-[2-[2-(3-butylimidazol-1-ium-1-yl)ethoxy]ethoxy]ethoxy]ethoxy]ethyl]imidazol-3-ium
298,101.325,1210.0,ABjBNu,"3,3-(oxybis(ethane-2,1-diyl))bis(1-butyl-1H-imidazol-3-ium) dicyanamide",CCCCN1C=[N+](C=C1)CCOCC[N+]1=CN(C=C1)CCCC.N#C[N-]C#N,0.429,0.232,1-butyl-3-[2-[2-(3-butylimidazol-1-ium-1-yl)ethoxy]ethyl]imidazol-3-ium;dicyanoazanide
298,101.325,1210.0,ABraYK,"3,3'-((ethane-1,2-diylbis(oxy))bis(ethane-2,1-diyl))bis(1-butyl-1H-imidazol-3-ium) dicyanamide",[N-](C#N)C#N.C(COCC[N+]1=CN(C=C1)CCCC)OCC[N+]1=CN(C=C1)CCCC.[N-](C#N)C#N,0.169,0.154,1-butyl-3-[2-[2-[2-(3-butylimidazol-1-ium-1-yl)ethoxy]ethoxy]ethyl]imidazol-3-ium;dicyanoazanide
298,101.325,1210.0,ABzyLE,"3,3-(((oxybis(ethane-2,1-diyl))bis(oxy))bis(ethane-2,1-diyl))bis(1-butyl-1H-imidazol-3-ium) dicyanamide",CCCCN1C=[N+](C=C1)CCOCCOCCOCC[N+]1=CN(C=C1)CCCC.N#C[N-]C#N,0.135,0.17,1-butyl-3-[2-[2-[2-[2-(3-butylimidazol-1-ium-1-yl)ethoxy]ethoxy]ethoxy]ethyl]imidazol-3-ium;dicyanoazanide
298,101.325,1220.0,ACIXlq,"3,3-(3,6,9,12-tetraoxatetradecane-1,14-diyl)bis(1-butyl-1H-imidazol-3-ium) dicyanamide",CCCCN1C=[N+](C=C1)CCOCCOCCOCCOCC[N+]1=CN(C=C1)CCCC.N#C[N-]C#N,0.0753,0.131,1-butyl-3-[2-[2-[2-[2-[2-(3-butylimidazol-1-ium-1-yl)ethoxy]ethoxy]ethoxy]ethoxy]ethyl]imidazol-3-ium;dicyanoazanide
298,101.325,1600.0,ADAPnu,"(oxybis(ethane-2,1-diyl))bis(diethyl sulfonium) bis((trifluoromethyl)sulfonyl) amide",FC(S(=O)(=O)[N-]S(=O)(=O)C(F)(F)F)(F)F.O(CC[S+](CC)CC)CC[S+](CC)CC.FC(F)(F)S(=O)(=O)[N-]S(=O)(=O)C(F)(F)F,0.366,0.25,bis(trifluoromethylsulfonyl)azanide;2-(2-diethylsulfonioethoxy)ethyl-diethylsulfanium
298,101.325,1570.0,ADInPn,"((ethane-1,2-diylbis(oxy))bis(ethane-2,1-diyl))bis(diethylsulfonium) bis((trifluoromethyl)sulfonyl) amide",FC(S(=O)(=O)[N-]S(=O)(=O)C(F)(F)F)(F)F.C(COCC[S+](CC)CC)OCC[S+](CC)CC.FC(F)(F)S(=O)(=O)[N-]S(=O)(=O)C(F)(F)F,0.236,0.091,bis(trifluoromethylsulfonyl)azanide;2-[2-(2-diethylsulfonioethoxy)ethoxy]ethyl-diethylsulfanium
298,101.325,1540.0,ADRMPq,"(((oxybis(ethane-2,1-diyl))bis(oxy))bis(ethane-2,1-diyl))bis(diethylsulfonium) bis((trifluoromethyl) sulfonyl) amide",FC(S(=O)(=O)[N-]S(=O)(=O)C(F)(F)F)(F)F.O(CCOCC[S+](CC)CC)CCOCC[S+](CC)CC.FC(F)(F)S(=O)(=O)[N-]S(=O)(=O)C(F)(F)F,0.128,0.13,bis(trifluoromethylsulfonyl)azanide;2-[2-[2-[2-(2-diethylsulfonioethoxy)ethoxy]ethoxy]ethoxy]ethyl-diethylsulfanium
298,101.325,1530.0,ADZlvz,"(3,6,9,12-tetraoxatetradecane-1,14-diyl)bis(diethylsulfonium) bis((trifluoromethyl)sulfonyl)amide",FC(S(=O)(=O)[N-]S(=O)(=O)C(F)(F)F)(F)F.C(COCCOCCOCCOCC[S+](CC)CC)[S+](CC)CC.FC(F)(F)S(=O)(=O)[N-]S(=O)(=O)C(F)(F)F,0.1104,0.238,bis(trifluoromethylsulfonyl)azanide;2-[2-[2-[2-[2-(2-diethylsulfonioethoxy)ethoxy]ethoxy]ethoxy]ethoxy]ethyl-diethylsulfanium
298,101.325,1250.0,ABVxTj,"(oxybis(ethane-2,1-diyl)) bis(diethylsulfonium)dicyanamide",[S+](CC)(CC)CCOCC[S+](CC)(CC).N#C[N-]C#N,0.368,0.187,dicyanoazanide;2-(2-diethylsulfonioethoxy)ethyl-diethylsulfanium
298,101.325,1240.0,ABeWeh,"((ethane-1,2-diylbis(oxy))bis(ethane-2,1-diyl))bis(diethylsulfonium) dicyanamide",[N-](C#N)C#N.C(COCC[S+](CC)CC)OCC[S+](CC)CC.[N-](C#N)C#N,0.361,0.067,dicyanoazanide;2-[2-(2-diethylsulfonioethoxy)ethoxy]ethyl-diethylsulfanium
298,101.325,1240.0,ABmuJN,"(((oxybis(ethane-2,1-diyl))bis(oxy))bis(ethane-2,1-diyl))bis(diethylsulfonium) dicyanamide",[N-](C#N)C#N.O(CCOCC[S+](CC)CC)CCOCC[S+](CC)CC.[N-](C#N)C#N,0.143,0.143,dicyanoazanide;2-[2-[2-(2-diethylsulfonioethoxy)ethoxy]ethoxy]ethyl-diethylsulfanium
298,101.325,1230.0,ABvTVY,"(3,6,9,12-tetraoxatetradecane-1,14-diyl)bis(diethylsulfonium) dicyanamide",[N-](C#N)C#N.C(COCCOCCOCCOCC[S+](CC)CC)[S+](CC)CC.[N-](C#N)C#N,0.0852,0.339,dicyanoazanide;2-[2-[2-[2-(2-diethylsulfonioethoxy)ethoxy]ethoxy]ethoxy]ethyl-diethylsulfanium
298,101.325,1570.0,ADGrPU,"1,1'-((ethane-1,2-diylbis(oxy))bis(ethane-2,1-diyl))bis(1-methylpyrrolidin-1-ium) bis((trifluoromethyl)sulfonyl) amide",FC(S(=O)(=O)[N-]S(=O)(=O)C(F)(F)F)(F)F.C(COCC[N+]1(CCCC1)C)OCC[N+]1(CCCC1)C.FC(F)(F)S(=O)(=O)[N-]S(=O)(=O)C(F)(F)F,0.378,0.134,bis(trifluoromethylsulfonyl)azanide;1-methyl-1-[2-[2-[2-(1-methylpyrrolidin-1-ium-1-yl)ethoxy]ethoxy]ethyl]pyrrolidin-1-ium
293,101.325,1140.0,AAfTUy,"1,3-dimethylimidazolium dicyanamide",CN1C=C[N+](=C1)C.C(=[N-])=NC#N,0.0155,3.56,"cyanoiminomethylideneazanide;1,3-dimethylimidazol-1-ium"
293,101.325,1160.0,AAiEyR,1-ethyl-2-methylpyrazolium dicyanamide,CCN1C=CC=[N+]1C.C(=[N-])=NC#N,0.0246,1.7,cyanoiminomethylideneazanide;1-ethyl-2-methylpyrazol-2-ium
293,101.325,1060.0,AAiizd,N-ethyl-N-methylpyrrolidinium dicyanamide,CC[N+]1(CCCC1)C.C(=[N-])=NC#N,0.0275,2.0,cyanoiminomethylideneazanide;1-ethyl-1-methylpyrrolidin-1-ium
298,101.325,1168.0,AApALO,N-butyronitrilepyridinium dicyanamide,N#CCCC[N+]1=CC=CC=C1.N#C[N-]C#N,0.152,0.507,dicyanoazanide;4-pyridin-1-ium-1-ylbutanenitrile
298,101.325,1270.0,AAzmMV,"2-methoxy-N-ethyl-N,N-dimethylethan-1-aminium trifluoro(trifluoromethyl)borate",CC[N+](C)(C)CCOC.[B-](F)(F)(F)C(F)(F)(F),0.097,0.25,ethyl-(2-methoxyethyl)-dimethylazanium;trifluoro(trifluoromethyl)boranuide
298,101.325,1220.0,ABFGFm,"N,N,N-triethyl-2-methoxyethan-1-aminium trifluoro(trifluoromethyl)borate",CC[N+](CC)(CC)CCOC.[B-](F)(F)(F)C(F)(F)(F),0.151,0.2,triethyl(2-methoxyethyl)azanium;trifluoro(trifluoromethyl)boranuide
298,101.325,1250.0,ABLjug,"N,N-diethyl-N-methylbutan-1-aminium trifluoro(perfluoroethyl)borate",C[N+](CC)(CC)CCCC.[B-](F)(F)(F)C(F)(F)C(F)(F)(F),0.104,0.23,"butyl-diethyl-methylazanium;trifluoro(1,1,2,2,2-pentafluoroethyl)boranuide"
298,101.325,1410.0,ABQOZK,"2-methoxy-N,N,N-trimethylethan-1-aminium trifluoro(perfluoropropyl)borate",C[N+](C)(C)CCOC.[B-](F)(F)(F)C(F)(F)C(F)(F)C(F)(F)(F),0.076,0.25,"2-methoxyethyl(trimethyl)azanium;trifluoro(1,1,2,2,3,3,3-heptafluoropropyl)boranuide"
298,101.325,1370.0,ABViss,"N,N-diethyl-2-methoxy-N-methylethan-1-aminium trifluoro(perfluoropropyl)borate",C[N+](CC)(CC)CCOC.[B-](F)(F)(F)C(F)(F)C(F)(F)C(F)(F)(F),0.088,0.19,"diethyl-(2-methoxyethyl)-methylazanium;trifluoro(1,1,2,2,3,3,3-heptafluoropropyl)boranuide"
298,101.325,1340.0,ABYTYS,"N,N,N-triethyl-2-methoxyethan-1-aminium trifluoro(perfluoropropyl)borate Chemical Formula: C12H22BF10NO",CC[N+](CC)(CC)CCOC.[B-](F)(F)(F)C(F)(F)C(F)(F)C(F)(F)(F),0.091,0.18,"triethyl(2-methoxyethyl)azanium;trifluoro(1,1,2,2,3,3,3-heptafluoropropyl)boranuide"
298,101.325,1450.0,ABceSa,"N-ethyl-2-methoxy-N,N-dimethylethan-1-aminium trifluoro(perfluorobutyl)borate",CC[N+](C)(C)CCOC.[B-](F)(F)(F)C(F)(F)C(F)(F)C(F)(F)C(F)(F)(F),0.102,0.15,"ethyl-(2-methoxyethyl)-dimethylazanium;trifluoro(1,1,2,2,3,3,4,4,4-nonafluorobutyl)boranuide"
298,101.325,1420.0,ABfOcm,"N,N-diethyl-2-methoxy-N-methylethan-1-aminium trifluoro(perfluorobutyl)borate",CC[N+](CC)(C)CCOC.[B-](F)(F)(F)C(F)(F)C(F)(F)C(F)(F)C(F)(F)(F),0.118,0.13,"diethyl-(2-methoxyethyl)-methylazanium;trifluoro(1,1,2,2,3,3,4,4,4-nonafluorobutyl)boranuide"
298,101.325,1400.0,ABhzcW,"N,N,N-triethyl-2-methoxyethan-1-aminium trifluoro(perfluorobutyl)borate",CC[N+](CC)(CC)CCOC.[B-](F)(F)(F)C(F)(F)C(F)(F)C(F)(F)C(F)(F)(F),0.135,0.11,"triethyl(2-methoxyethyl)azanium;trifluoro(1,1,2,2,3,3,4,4,4-nonafluorobutyl)boranuide"
298,101.325,1210.0,AAqGaH,"N-ethyl-2-methoxy-N,N-dimethylethan-1-aminium tetrafluoroborate",F[B-](F)(F)F.C(C)[N+](CCOC)(C)C,0.335,0.17,ethyl-(2-methoxyethyl)-dimethylazanium;tetrafluoroborate
298,101.325,1180.0,ABCCEH,"N,N-diethyl-N-methylbutan-1-aminium trifluoro(trifluoromethyl)borate",C[N+](CC)(CC)CCCC.[B-](F)(F)(F)C(F)(F)(F),0.21,0.21,butyl-diethyl-methylazanium;trifluoro(trifluoromethyl)boranuide
298,101.325,1280.0,ABOnPe,"N,N,N-triethyl-2-methoxyethan-1-aminium trifluoro(perfluoroethyl)borate",CC[N+](CC)(CC)CCOC.[B-](F)(F)(F)C(F)(F)C(F)(F)(F),0.087,0.24,"triethyl(2-methoxyethyl)azanium;trifluoro(1,1,2,2,2-pentafluoroethyl)boranuide"
298,101.325,1390.0,ABSyvW,"N-ethyl-2-methoxy-N,N-dimethylethan-1-aminium trifluoro(perfluoropropyl)borate",CC[N+](C)(C)CCOC.[B-](F)(F)(F)C(F)(F)C(F)(F)C(F)(F)(F),0.07,0.26,"ethyl-(2-methoxyethyl)-dimethylazanium;trifluoro(1,1,2,2,3,3,3-heptafluoropropyl)boranuide"
298,101.325,1310.0,ABMCAe,"N,N-diethyl-2-methoxy-N-methylethan-1-aminium trifluoro(perfluoroethyl)borate",CC[N+](CC)(C)CCOC.[B-](F)(F)(F)C(F)(F)C(F)(F)(F),0.068,0.32,"diethyl-(2-methoxyethyl)-methylazanium;trifluoro(1,1,2,2,2-pentafluoroethyl)boranuide"
298,101.325,1330.0,ABJSxU,"N-ethyl-2-methoxy-N,N-dimethylethan-1-aminium trifluoro(perfluoroethyl)borate",CC[N+](C)(C)CCOC.[B-](F)(F)(F)C(F)(F)C(F)(F)(F),0.058,0.38,"ethyl-(2-methoxyethyl)-dimethylazanium;trifluoro(1,1,2,2,2-pentafluoroethyl)boranuide"
298,101.325,1420.0,ABavwR,"N,N-diethyl-N-methylpropan-1-aminium bis((trifluoromethyl)sulfonyl)amide",FC(S(=O)(=O)[N-]S(=O)(=O)C(F)(F)F)(F)F.C(C)[N+](CCC)(C)CC,0.094,0.22,bis(trifluoromethylsulfonyl)azanide;diethyl-methyl-propylazanium
298,101.325,1310.0,ABgaRG,1-pentyltetrahydrothiophenium bis(trifluoromethylsulfonyl)imide,[N-](S(=O)(=O)C(F)(F)F)S(=O)(=O)C(F)(F)F.C(CCCC)[S+]1CCCC1,0.0911,0.146,bis(trifluoromethylsulfonyl)azanide;1-pentylthiolan-1-ium
298,101.325,987.4,AAWvlj,ethylammonium propionate,CCC(=O)O.CCN,0.075,0.0872,ethanamine;propanoicacid
298,101.325,1033.5,AARbUt,ethylammonium formate,CC[NH3+].C(=O)[O-],0.032,1.216,ethylazanium;formate
298,101.325,962.0,AAZfXg,ethylammonium butyrate,C(CCC)(=O)[O-].C(C)[NH3+],0.208,0.103,butanoate;ethylazanium
293,101.325,1269.0,ACDMfR,tributyl(2-(methylthio)ethyl)phosphonium bis(trifluoromethylsulfonyl)amide,FC(S(=O)(=O)[N-]S(=O)(=O)C(F)(F)F)(F)F.C(CCC)[P+](CCSC)(CCCC)CCCC,0.53,0.0433,bis(trifluoromethylsulfonyl)azanide;tributyl(2-methylsulfanylethyl)phosphanium
293,101.325,1183.0,ABmktl,tributyl(2-(ethylthio)ethyl)phosphonium bis(fluorosulfonyl)amide,FS(=O)(=O)[N-]S(=O)(=O)F.C(CCC)[P+](CCSCC)(CCCC)CCCC,0.48,0.0595,bis(fluorosulfonyl)azanide;tributyl(2-ethylsulfanylethyl)phosphanium
293,101.325,1076.0,ABUnvi,tributyl(2-(ethylthio)ethyl)phosphonium tetrafluoroborate,F[B-](F)(F)F.C(CCC)[P+](CCSCC)(CCCC)CCCC,1.847,0.0332,tributyl(2-ethylsulfanylethyl)phosphanium;tetrafluoroborate
293,101.325,1344.0,ABRGHd,triethyl((methylthio)methyl)phosphonium bis(fluorosulfonyl)amide,FS(=O)(=O)[N-]S(=O)(=O)F.C(C)[P+](CSC)(CC)CC,0.0582,0.292,bis(fluorosulfonyl)azanide;triethyl(methylsulfanylmethyl)phosphanium
293,101.325,1328.0,ABTqGr,triethyl(2-(methylthio)ethyl)phosphonium bis(fluorosulfonyl)amide,FS(=O)(=O)[N-]S(=O)(=O)F.C(C)[P+](CCSC)(CC)CC,0.127,0.183,bis(fluorosulfonyl)azanide;triethyl(2-methylsulfanylethyl)phosphanium
293,101.325,1378.0,ABpmai,triethyl(2-(ethylthio)ethyl)phosphonium bis(trifluoromethylsulfonyl)amide,FC(S(=O)(=O)[N-]S(=O)(=O)C(F)(F)F)(F)F.C(C)[P+](CCSCC)(CC)CC,0.121,0.122,bis(trifluoromethylsulfonyl)azanide;triethyl(2-ethylsulfanylethyl)phosphanium
293,101.325,1299.0,ABWaZd,triethyl(2-(ethylthio)ethyl)phosphonium bis(fluorosulfonyl)amide,FS(=O)(=O)[N-]S(=O)(=O)F.C(C)[P+](CCSCC)(CC)CC,0.102,0.194,bis(fluorosulfonyl)azanide;triethyl(2-ethylsulfanylethyl)phosphanium
293,101.325,1207.0,ABhPNU,tributyl((methylthio)methyl)phosphonium bis(fluorosulfonyl)amide,FS(=O)(=O)[N-]S(=O)(=O)F.C(CCC)[P+](CSC)(CCCC)CCCC,0.256,0.0652,bis(fluorosulfonyl)azanide;tributyl(methylsulfanylmethyl)phosphanium
293,101.325,1096.0,ABPSKT,tributyl((methylthio)methyl)phosphonium tetrafluoroborate,F[B-](F)(F)F.C(CCC)[P+](CSC)(CCCC)CCCC,1.531,0.039,tributyl(methylsulfanylmethyl)phosphanium;tetrafluoroborate
293,101.325,1245.0,ACFwuF,tributyl(2-(ethylthio)ethyl)phosphonium bis(trifluoromethylsulfonyl)amide,FC(S(=O)(=O)[N-]S(=O)(=O)C(F)(F)F)(F)F.C(CCC)[P+](CCSCC)(CCCC)CCCC,0.375,0.0457,bis(trifluoromethylsulfonyl)azanide;tributyl(2-ethylsulfanylethyl)phosphanium
298,101.325,1008.0,AAhkDu,ethyldiisopropylammonium formate,C(=O)[O-].C(C)[NH+](C(C)C)C(C)C,0.018,0.586,ethyl-di(propan-2-yl)azanium;formate
298,101.325,1287.5,ABqGQG,3-decyl-1H-imidazol-3-ium bis((trifluoromethyl)sulfonyl)amide,FC(S(=O)(=O)[N-]S(=O)(=O)C(F)(F)F)(F)F.C(CCCCCCCCC)[N+]1=CNC=C1,0.1801,0.0238,bis(trifluoromethylsulfonyl)azanide;3-decyl-1H-imidazol-3-ium
298,101.325,1471.9,ABZxPH,3-butyl-1H-imidazol-3-ium bis((trifluoromethyl)sulfonyl)amide,FC(S(=O)(=O)[N-]S(=O)(=O)C(F)(F)F)(F)F.C(CCC)[N+]1=CNC=C1,0.068,0.0806,bis(trifluoromethylsulfonyl)azanide;3-butyl-1H-imidazol-3-ium
298,101.325,1402.4,ABfRHq,3-hexyl-1H-imidazol-3-ium bis((trifluoromethyl)sulfonyl)amide,FC(S(=O)(=O)[N-]S(=O)(=O)C(F)(F)F)(F)F.C(CCCCC)[N+]1=CNC=C1,0.109,0.06,bis(trifluoromethylsulfonyl)azanide;3-hexyl-1H-imidazol-3-ium
298,101.325,1346.3,ABkmCv,3-octyl-1H-imidazol-3-ium bis((trifluoromethyl)sulfonyl)amide,FC(S(=O)(=O)[N-]S(=O)(=O)C(F)(F)F)(F)F.C(CCCCCCC)[N+]1=CNC=C1,0.1555,0.038,bis(trifluoromethylsulfonyl)azanide;3-octyl-1H-imidazol-3-ium
298,101.325,1260.7,ABvbbJ,3-dodecyl-1H-imidazol-3-ium bis((trifluoromethyl)sulfonyl)amide,FC(S(=O)(=O)[N-]S(=O)(=O)C(F)(F)F)(F)F.C(CCCCCCCCCCC)[N+]1=CNC=C1,0.2333,0.0197,bis(trifluoromethylsulfonyl)azanide;3-dodecyl-1H-imidazol-3-ium
293,101.325,1334.0,ABAmTT,"1-ethyl-3,4-dimethylimidazolium trifluoromethanesulfonate",FC(S(=O)(=O)[O-])(F)F.C(C)N1C=[N+](C(=C1)C)C,0.051,0.64,"1-ethyl-3,4-dimethylimidazol-3-ium;trifluoromethanesulfonate"
298,101.325,1190.0,AChLnr,1-butyl-3-methylimidazolium tetrathiocyanatocuprate(I),C[N+]1=CN(C=C1)CCCC.[Cu-3](SC#N)(SC#N)(SC#N)(SC#N),0.394,0.1739,1-butyl-3-methylimidazol-3-ium;tetrathiocyanatocopper(2-)
293,101.325,1656.0,ABhgGB,"1-methyl-3-(2,2,2-trifluoroethyl)imidazolium bis((trifluoromethyl)sulfonyl)imide",[N-](S(=O)(=O)C(F)(F)F)S(=O)(=O)C(F)(F)F.CN1C=[N+](C=C1)CC(F)(F)F,0.248,0.098,"bis(trifluoromethylsulfonyl)azanide;1-methyl-3-(2,2,2-trifluoroethyl)imidazol-3-ium"
318,101.325,1270.0,ACGGOQ,"N-adamantyl-N,N-dimethyl-N-octylammonium bis(trifluoromethylsulfonyl)imide",[N-](S(=O)(=O)C(F)(F)F)S(=O)(=O)C(F)(F)F.C12(CC3CC(CC(C1)C3)C2)[N+](CCCCCCCC)(C)C,0.461,0.0121,1-adamantyl-dimethyl-octylazanium;bis(trifluoromethylsulfonyl)azanide
318,101.325,1270.0,ABjAkN,trimethyloctylammonium bis[(trifluoromethyl)sulfonyl]imide,CCCCCCCC[N+](C)(C)C.C(F)(F)(F)S(=O)(=O)[N-]S(=O)(=O)C(F)(F)F,0.069,0.071,bis(trifluoromethylsulfonyl)azanide;trimethyl(octyl)azanium
298,101.325,1130.0,ACVREa,tributyldodecylphosphonium bis(trifluoromethylsulfonyl)imide,[N-](S(=O)(=O)C(F)(F)F)S(=O)(=O)C(F)(F)F.C(CCC)[P+](CCCCCCCCCCCC)(CCCC)CCCC,0.338,0.016,bis(trifluoromethylsulfonyl)azanide;tributyl(dodecyl)phosphanium
298,101.325,1036.4,AAsPCm,1-hexylpyridinium dicyanamide,[N-](C#N)C#N.C(CCCCC)[N+]1=CC=CC=C1,0.0611,0.46,dicyanoazanide;1-hexylpyridin-1-ium
298,101.325,1178.0,AAnSrv,1-(2-ethoxy-2-oxoethyl)-3-methylimidazolium chloride,[Cl-].C(C)OC(CN1C=[N+](C=C1)C)=O,0.349,0.509,ethyl2-(3-methylimidazol-3-ium-1-yl)acetate;chloride
